Entity;Year;Density\n(P/Km2);Country Name;Attributo;Valore
Afghanistan;2000;60;Afghanistan;2000;30,86384711
Afghanistan;2001;60;Afghanistan;2001;31,09992947
Afghanistan;2002;60;Afghanistan;2002;32,77696058
Afghanistan;2003;60;Afghanistan;2003;34,85434433
Afghanistan;2004;60;Afghanistan;2004;36,12322954
Afghanistan;2005;60;Afghanistan;2005;37,41711819
Afghanistan;2006;60;Afghanistan;2006;38,9802585
Afghanistan;2007;60;Afghanistan;2007;39,72502338
Afghanistan;2008;60;Afghanistan;2008;40,60319519
Afghanistan;2009;60;Afghanistan;2009;42,11106665
Afghanistan;2010;60;Afghanistan;2010;43,36520706
Afghanistan;2011;60;Afghanistan;2011;44,99594928
Afghanistan;2012;60;Afghanistan;2012;46,8546893
Afghanistan;2013;60;Afghanistan;2013;48,48397651
Afghanistan;2014;60;Afghanistan;2014;50,27754473
Afghanistan;2015;60;Afghanistan;2015;51,87091057
Afghanistan;2016;60;Afghanistan;2016;53,20302961
Afghanistan;2017;60;Afghanistan;2017;54,71832789
Afghanistan;2018;60;Afghanistan;2018;56,3344817
Afghanistan;2019;60;Afghanistan;2019;58,04106067
Afghanistan;2020;60;Afghanistan;2020;59,90061635
Albania;2000;105;Albania;2000;112,7382117
Albania;2001;105;Albania;2001;111,685146
Albania;2002;105;Albania;2002;111,3507299
Albania;2003;105;Albania;2003;110,9348905
Albania;2004;105;Albania;2004;110,4722263
Albania;2005;105;Albania;2005;109,9082847
Albania;2006;105;Albania;2006;109,2170438
Albania;2007;105;Albania;2007;108,394781
Albania;2008;105;Albania;2008;107,5662044
Albania;2009;105;Albania;2009;106,8437591
Albania;2010;105;Albania;2010;106,314635
Albania;2011;105;Albania;2011;106,0290146
Albania;2012;105;Albania;2012;104,4054015
Albania;2013;105;Albania;2013;102,8066423
Albania;2014;105;Albania;2014;101,2323723
Albania;2015;105;Albania;2015;99,68222628
Albania;2016;105;Albania;2016;98,15580292
Albania;2017;105;Albania;2017;96,65273723
Albania;2018;105;Albania;2018;95,17273723
Albania;2019;105;Albania;2019;93,71536496
Albania;2020;105;Albania;2020;92,28029197
Algeria;2000;18;Algeria;2000;12,97534282
Algeria;2001;18;Algeria;2001;13,15476122
Algeria;2002;18;Algeria;2002;13,33094082
Algeria;2003;18;Algeria;2003;13,50937466
Algeria;2004;18;Algeria;2004;13,69934838
Algeria;2005;18;Algeria;2005;13,90128603
Algeria;2006;18;Algeria;2006;14,11720255
Algeria;2007;18;Algeria;2007;14,35480615
Algeria;2008;18;Algeria;2008;14,61828789
Algeria;2009;18;Algeria;2009;14,90105763
Algeria;2010;18;Algeria;2010;15,19403293
Algeria;2011;18;Algeria;2011;15,49429241
Algeria;2012;18;Algeria;2012;15,80616104
Algeria;2013;18;Algeria;2013;16,12861647
Algeria;2014;18;Algeria;2014;16,46066783
Algeria;2015;18;Algeria;2015;16,80263681
Algeria;2016;18;Algeria;2016;17,15162186
Algeria;2017;18;Algeria;2017;17,503708
Algeria;2018;18;Algeria;2018;17,84620368
Algeria;2019;18;Algeria;2019;18,17769614
Algeria;2020;18;Algeria;2020;18,49156121
Angola;2000;26;Angola;2000;12,9901893
Angola;2001;26;Angola;2001;13,43323013
Angola;2002;26;Angola;2002;13,89885217
Angola;2003;26;Angola;2003;14,39296703
Angola;2004;26;Angola;2004;14,91972648
Angola;2005;26;Angola;2005;15,47377958
Angola;2006;26;Angola;2006;16,05460736
Angola;2007;26;Angola;2007;16,66684928
Angola;2008;26;Angola;2008;17,30861875
Angola;2009;26;Angola;2009;17,97928371
Angola;2010;26;Angola;2010;18,6851889
Angola;2011;26;Angola;2011;19,42596615
Angola;2012;26;Angola;2012;20,19523061
Angola;2013;26;Angola;2013;20,98790407
Angola;2014;26;Angola;2014;21,78613058
Angola;2015;26;Angola;2015;22,58586508
Angola;2016;26;Angola;2016;23,40825379
Angola;2017;26;Angola;2017;24,25189621
Angola;2018;26;Angola;2018;25,10399856
Angola;2019;26;Angola;2019;25,96906393
Angola;2020;26;Angola;2020;26,8317414
Antigua and Barbuda;2000;223;Antigua and Barbuda;2000;170,2545455
Antigua and Barbuda;2001;223;Antigua and Barbuda;2001;172,8840909
Antigua and Barbuda;2002;223;Antigua and Barbuda;2002;175,0727273
Antigua and Barbuda;2003;223;Antigua and Barbuda;2003;177,0090909
Antigua and Barbuda;2004;223;Antigua and Barbuda;2004;178,9068182
Antigua and Barbuda;2005;223;Antigua and Barbuda;2005;180,9340909
Antigua and Barbuda;2006;223;Antigua and Barbuda;2006;183,1909091
Antigua and Barbuda;2007;223;Antigua and Barbuda;2007;185,6909091
Antigua and Barbuda;2008;223;Antigua and Barbuda;2008;188,4363636
Antigua and Barbuda;2009;223;Antigua and Barbuda;2009;191,3022727
Antigua and Barbuda;2010;223;Antigua and Barbuda;2010;193,9090909
Antigua and Barbuda;2011;223;Antigua and Barbuda;2011;196,2090909
Antigua and Barbuda;2012;223;Antigua and Barbuda;2012;198,3181818
Antigua and Barbuda;2013;223;Antigua and Barbuda;2013;200,1454545
Antigua and Barbuda;2014;223;Antigua and Barbuda;2014;201,7386364
Antigua and Barbuda;2015;223;Antigua and Barbuda;2015;203,2022727
Antigua and Barbuda;2016;223;Antigua and Barbuda;2016;204,475
Antigua and Barbuda;2017;223;Antigua and Barbuda;2017;205,6090909
Antigua and Barbuda;2018;223;Antigua and Barbuda;2018;206,65
Antigua and Barbuda;2019;223;Antigua and Barbuda;2019;207,6454545
Antigua and Barbuda;2020;223;Antigua and Barbuda;2020;208,7409091
Argentina;2000;17;Argentina;2000;13,59817298
Argentina;2001;17;Argentina;2001;13,7482963
Argentina;2002;17;Argentina;2002;13,89611136
Argentina;2003;17;Argentina;2003;14,04042182
Argentina;2004;17;Argentina;2004;14,18352682
Argentina;2005;17;Argentina;2005;14,33000778
Argentina;2006;17;Argentina;2006;14,4781159
Argentina;2007;17;Argentina;2007;14,62232222
Argentina;2008;17;Argentina;2008;14,77118271
Argentina;2009;17;Argentina;2009;14,92855639
Argentina;2010;17;Argentina;2010;15,08709207
Argentina;2011;17;Argentina;2011;15,24858862
Argentina;2012;17;Argentina;2012;15,40610044
Argentina;2013;17;Argentina;2013;15,55983871
Argentina;2014;17;Argentina;2014;15,72120737
Argentina;2015;17;Argentina;2015;15,88671424
Argentina;2016;17;Argentina;2016;16,04139051
Argentina;2017;17;Argentina;2017;16,18337992
Argentina;2018;17;Argentina;2018;16,31711374
Argentina;2019;17;Argentina;2019;16,43352554
Argentina;2020;17;Argentina;2020;16,51336651
Armenia;2000;104;Armenia;2000;113,1401475
Armenia;2001;104;Armenia;2001;112,8134879
Armenia;2002;104;Armenia;2002;112,3919916
Armenia;2003;104;Armenia;2003;111,7843344
Armenia;2004;104;Armenia;2004;111,1661398
Armenia;2005;104;Armenia;2005;110,516333
Armenia;2006;104;Armenia;2006;109,8384264
Armenia;2007;104;Armenia;2007;109,14647
Armenia;2008;104;Armenia;2008;108,4334387
Armenia;2009;104;Armenia;2009;107,6923077
Armenia;2010;104;Armenia;2010;106,9476642
Armenia;2011;104;Armenia;2011;106,3540569
Armenia;2012;104;Armenia;2012;106,2205831
Armenia;2013;104;Armenia;2013;106,1468212
Armenia;2014;104;Armenia;2014;105,8587987
Armenia;2015;104;Armenia;2015;105,5356516
Armenia;2016;104;Armenia;2016;105,1036178
Armenia;2017;104;Armenia;2017;104,6505093
Armenia;2018;104;Armenia;2018;104,2852125
Armenia;2019;104;Armenia;2019;104,056902
Armenia;2020;104;Armenia;2020;105,0273766
Aruba;2000;590;Aruba;2000;503,2666667
Aruba;2001;590;Aruba;2001;507,9944444
Aruba;2002;590;Aruba;2002;511,5222222
Aruba;2003;590;Aruba;2003;517,3777778
Aruba;2004;590;Aruba;2004;528,5444444
Aruba;2005;590;Aruba;2005;542,4166667
Aruba;2006;590;Aruba;2006;552,25
Aruba;2007;590;Aruba;2007;556,3888889
Aruba;2008;590;Aruba;2008;560,65
Aruba;2009;590;Aruba;2009;564,4666667
Aruba;2010;590;Aruba;2010;565,7666667
Aruba;2011;590;Aruba;2011;569,95
Aruba;2012;590;Aruba;2012;578,3888889
Aruba;2013;590;Aruba;2013;587,0833333
Aruba;2014;590;Aruba;2014;593,3722222
Aruba;2015;590;Aruba;2015;599,4777778
Aruba;2016;590;Aruba;2016;604,0388889
Aruba;2017;590;Aruba;2017;604,0833333
Aruba;2018;590;Aruba;2018;605,0444444
Aruba;2019;590;Aruba;2019;606,6833333
Aruba;2020;590;Aruba;2020;603,2611111
Australia;2000;3;Australia;2000;2,476966794
Australia;2001;3;Australia;2001;2,508975307
Australia;2002;3;Australia;2002;2,53767882
Australia;2003;3;Australia;2003;2,567035523
Australia;2004;3;Australia;2004;2,594629473
Australia;2005;3;Australia;2005;2,626406675
Australia;2006;3;Australia;2006;2,662088958
Australia;2007;3;Australia;2007;2,711118025
Australia;2008;3;Australia;2008;2,765994429
Australia;2009;3;Australia;2009;2,823588378
Australia;2010;3;Australia;2010;2,867858584
Australia;2011;3;Australia;2011;2,90798641
Australia;2012;3;Australia;2012;2,95920037
Australia;2013;3;Australia;2013;3,010573526
Australia;2014;3;Australia;2014;3,055814795
Australia;2015;3;Australia;2015;3,100112596
Australia;2016;3;Australia;2016;3,144935531
Australia;2017;3;Australia;2017;3,197156014
Australia;2018;3;Australia;2018;3,245344916
Australia;2019;3;Australia;2019;3,293650563
Australia;2020;3;Australia;2020;3,334526951
Austria;2000;109;Austria;2000;97,08635482
Austria;2001;109;Austria;2001;97,45871304
Austria;2002;109;Austria;2002;97,93937227
Austria;2003;109;Austria;2003;98,41763209
Austria;2004;109;Austria;2004;99,03012603
Austria;2005;109;Austria;2005;99,70708919
Austria;2006;109;Austria;2006;100,2016602
Austria;2007;109;Austria;2007;100,5269874
Austria;2008;109;Austria;2008;100,8421716
Austria;2009;109;Austria;2009;101,1066772
Austria;2010;109;Austria;2010;101,3500242
Austria;2011;109;Austria;2011;101,6922322
Austria;2012;109;Austria;2012;102,1569438
Austria;2013;109;Austria;2013;102,7608216
Austria;2014;109;Austria;2014;103,5670868
Austria;2015;109;Austria;2015;104,7345977
Austria;2016;109;Austria;2016;105,8733398
Austria;2017;109;Austria;2017;106,6113185
Austria;2018;109;Austria;2018;107,1318589
Austria;2019;109;Austria;2019;107,6093068
Austria;2020;109;Austria;2020;108,0570044
Azerbaijan;2000;123;Azerbaijan;2000;97,43477998
Azerbaijan;2001;123;Azerbaijan;2001;98,19379207
Azerbaijan;2002;123;Azerbaijan;2002;98,9124646
Azerbaijan;2003;123;Azerbaijan;2003;99,62372356
Azerbaijan;2004;123;Azerbaijan;2004;100,4753726
Azerbaijan;2005;123;Azerbaijan;2005;101,5225018
Azerbaijan;2006;123;Azerbaijan;2006;102,6725317
Azerbaijan;2007;123;Azerbaijan;2007;103,8533687
Azerbaijan;2008;123;Azerbaijan;2008;106,0597625
Azerbaijan;2009;123;Azerbaijan;2009;108,2912905
Azerbaijan;2010;123;Azerbaijan;2010;109,5423442
Azerbaijan;2011;123;Azerbaijan;2011;110,9763362
Azerbaijan;2012;123;Azerbaijan;2012;112,4607902
Azerbaijan;2013;123;Azerbaijan;2013;113,9234808
Azerbaijan;2014;123;Azerbaijan;2014;115,3488139
Azerbaijan;2015;123;Azerbaijan;2015;116,7310768
Azerbaijan;2016;123;Azerbaijan;2016;118,033289
Azerbaijan;2017;123;Azerbaijan;2017;119,2087416
Azerbaijan;2018;123;Azerbaijan;2018;120,2575919
Azerbaijan;2019;123;Azerbaijan;2019;121,2800711
Azerbaijan;2020;123;Azerbaijan;2020;122,1247368
Bahamas;2000;41;Bahamas, The;2000;32,35114885
Bahamas;2001;41;Bahamas, The;2001;32,75084915
Bahamas;2002;41;Bahamas, The;2002;33,12827173
Bahamas;2003;41;Bahamas, The;2003;33,52827173
Bahamas;2004;41;Bahamas, The;2004;33,94425574
Bahamas;2005;41;Bahamas, The;2005;34,35504496
Bahamas;2006;41;Bahamas, The;2006;34,8026973
Bahamas;2007;41;Bahamas, The;2007;35,2981019
Bahamas;2008;41;Bahamas, The;2008;35,77622378
Bahamas;2009;41;Bahamas, The;2009;36,24475524
Bahamas;2010;41;Bahamas, The;2010;36,71108891
Bahamas;2011;41;Bahamas, The;2011;37,13576424
Bahamas;2012;41;Bahamas, The;2012;37,50939061
Bahamas;2013;41;Bahamas, The;2013;37,85744256
Bahamas;2014;41;Bahamas, The;2014;38,19160839
Bahamas;2015;41;Bahamas, The;2015;38,4961039
Bahamas;2016;41;Bahamas, The;2016;38,76673327
Bahamas;2017;41;Bahamas, The;2017;39,00949051
Bahamas;2018;41;Bahamas, The;2018;39,23246753
Bahamas;2019;41;Bahamas, The;2019;39,42807193
Bahamas;2020;41;Bahamas, The;2020;39,54675325
Bahrain;2000;"""2";Bahrain;2000;898,0028169
Bahrain;2001;"""2";Bahrain;2001;931,4309859
Bahrain;2002;"""2";Bahrain;2002;1000,778873
Bahrain;2003;"""2";Bahrain;2003;1061,829167
Bahrain;2004;"""2";Bahrain;2004;1128,412329
Bahrain;2005;"""2";Bahrain;2005;1201,110811
Bahrain;2006;"""2";Bahrain;2006;1297,87027
Bahrain;2007;"""2";Bahrain;2007;1385,726667
Bahrain;2008;"""2";Bahrain;2008;1451,968421
Bahrain;2009;"""2";Bahrain;2009;1550,546053
Bahrain;2010;"""2";Bahrain;2010;1612,261155
Bahrain;2011;"""2";Bahrain;2011;1558,044329
Bahrain;2012;"""2";Bahrain;2012;1570,083117
Bahrain;2013;"""2";Bahrain;2013;1627,520779
Bahrain;2014;"""2";Bahrain;2014;1705,009079
Bahrain;2015;"""2";Bahrain;2015;1761,339332
Bahrain;2016;"""2";Bahrain;2016;1827,632863
Bahrain;2017;"""2";Bahrain;2017;1924,507692
Bahrain;2018;"""2";Bahrain;2018;1931,993573
Bahrain;2019;"""2";Bahrain;2019;1902,251282
Bahrain;2020;"""2";Bahrain;2020;1875,419108
Bangladesh;2000;"""1";Bangladesh;2000;1033,604548
Bangladesh;2001;"""1";Bangladesh;2001;1050,978029
Bangladesh;2002;"""1";Bangladesh;2002;1067,324714
Bangladesh;2003;"""1";Bangladesh;2003;1082,971122
Bangladesh;2004;"""1";Bangladesh;2004;1097,817131
Bangladesh;2005;"""1";Bangladesh;2005;1111,744534
Bangladesh;2006;"""1";Bangladesh;2006;1124,728993
Bangladesh;2007;"""1";Bangladesh;2007;1136,892356
Bangladesh;2008;"""1";Bangladesh;2008;1148,300407
Bangladesh;2009;"""1";Bangladesh;2009;1159,051348
Bangladesh;2010;"""1";Bangladesh;2010;1169,255443
Bangladesh;2011;"""1";Bangladesh;2011;1179,926834
Bangladesh;2012;"""1";Bangladesh;2012;1191,289091
Bangladesh;2013;"""1";Bangladesh;2013;1202,520865
Bangladesh;2014;"""1";Bangladesh;2014;1213,527917
Bangladesh;2015;"""1";Bangladesh;2015;1224,423285
Bangladesh;2016;"""1";Bangladesh;2016;1235,399339
Bangladesh;2017;"""1";Bangladesh;2017;1245,956419
Bangladesh;2018;"""1";Bangladesh;2018;1256,227264
Bangladesh;2019;"""1";Bangladesh;2019;1266,905239
Bangladesh;2020;"""1";Bangladesh;2020;1277,544934
Barbados;2000;668;Barbados;2000;609,4488372
Barbados;2001;668;Barbados;2001;610,2906977
Barbados;2002;668;Barbados;2002;614,2976744
Barbados;2003;668;Barbados;2003;618,0837209
Barbados;2004;668;Barbados;2004;621,6232558
Barbados;2005;668;Barbados;2005;624,8976744
Barbados;2006;668;Barbados;2006;627,9116279
Barbados;2007;668;Barbados;2007;630,9023256
Barbados;2008;668;Barbados;2008;634,2186047
Barbados;2009;668;Barbados;2009;637,4953488
Barbados;2010;668;Barbados;2010;640,1
Barbados;2011;668;Barbados;2011;642,1837209
Barbados;2012;668;Barbados;2012;644,0418605
Barbados;2013;668;Barbados;2013;645,7325581
Barbados;2014;668;Barbados;2014;647,3209302
Barbados;2015;668;Barbados;2015;648,8139535
Barbados;2016;668;Barbados;2016;650,227907
Barbados;2017;668;Barbados;2017;651,5604651
Barbados;2018;668;Barbados;2018;652,8162791
Barbados;2019;668;Barbados;2019;653,9697674
Barbados;2020;668;Barbados;2020;655,1116279
Belarus;2000;47;Belarus;2000;49,19747791
Belarus;2001;47;Belarus;2001;48,9467226
Belarus;2002;47;Belarus;2002;48,639731
Belarus;2003;47;Belarus;2003;48,30124836
Belarus;2004;47;Belarus;2004;47,97547519
Belarus;2005;47;Belarus;2005;47,64468799
Belarus;2006;47;Belarus;2006;47,33728266
Belarus;2007;47;Belarus;2007;47,12127096
Belarus;2008;47;Belarus;2008;46,95855635
Belarus;2009;47;Belarus;2009;46,84414336
Belarus;2010;47;Belarus;2010;46,74096855
Belarus;2011;47;Belarus;2011;46,62975211
Belarus;2012;47;Belarus;2012;46,5593029
Belarus;2013;47;Belarus;2013;46,53937252
Belarus;2014;47;Belarus;2014;46,55060033
Belarus;2015;47;Belarus;2015;46,61133719
Belarus;2016;47;Belarus;2016;46,64994482
Belarus;2017;47;Belarus;2017;46,59875953
Belarus;2018;47;Belarus;2018;46,50105922
Belarus;2019;47;Belarus;2019;46,41075062
Belarus;2020;47;Belarus;2020;46,21121293
Belgium;2000;383;Belgium;2000;337,9570105
Belgium;2001;383;Belgium;2001;339,1214189
Belgium;2002;383;Belgium;2002;340,6450071
Belgium;2003;383;Belgium;2003;342,0740777
Belgium;2004;383;Belgium;2004;343,5577424
Belgium;2005;383;Belgium;2005;345,4527083
Belgium;2006;383;Belgium;2006;347,7387004
Belgium;2007;383;Belgium;2007;350,3016517
Belgium;2008;383;Belgium;2008;353,079913
Belgium;2009;383;Belgium;2009;355,932252
Belgium;2010;383;Belgium;2010;359,1990901
Belgium;2011;383;Belgium;2011;363,9028121
Belgium;2012;383;Belgium;2012;366,1666172
Belgium;2013;383;Belgium;2013;367,8965813
Belgium;2014;383;Belgium;2014;369,5334125
Belgium;2015;383;Belgium;2015;371,6808756
Belgium;2016;383;Belgium;2016;373,5674678
Belgium;2017;383;Belgium;2017;375,0093298
Belgium;2018;383;Belgium;2018;374,7435149
Belgium;2019;383;Belgium;2019;376,761986
Belgium;2020;383;Belgium;2020;378,3893225
Belize;2000;17;Belize;2000;10,5567295
Belize;2001;17;Belize;2001;10,88903989
Belize;2002;17;Belize;2002;11,22354231
Belize;2003;17;Belize;2003;11,56422622
Belize;2004;17;Belize;2004;11,91091626
Belize;2005;17;Belize;2005;12,26352477
Belize;2006;17;Belize;2006;12,62069268
Belize;2007;17;Belize;2007;12,98114862
Belize;2008;17;Belize;2008;13,34331434
Belize;2009;17;Belize;2009;13,70512933
Belize;2010;17;Belize;2010;14,03967558
Belize;2011;17;Belize;2011;14,34888207
Belize;2012;17;Belize;2012;14,6608505
Belize;2013;17;Belize;2013;14,97707146
Belize;2014;17;Belize;2014;15,29693117
Belize;2015;17;Belize;2015;15,62178869
Belize;2016;17;Belize;2016;15,98882069
Belize;2017;17;Belize;2017;16,36133275
Belize;2018;17;Belize;2018;16,66926786
Belize;2019;17;Belize;2019;16,91490574
Belize;2020;17;Belize;2020;17,13336256
Benin;2000;108;Benin;2000;64,04415573
Benin;2001;108;Benin;2001;66,0304718
Benin;2002;108;Benin;2002;68,06869457
Benin;2003;108;Benin;2003;70,17621497
Benin;2004;108;Benin;2004;72,3580525
Benin;2005;108;Benin;2005;74,72635686
Benin;2006;108;Benin;2006;77,09508691
Benin;2007;108;Benin;2007;79,40731642
Benin;2008;108;Benin;2008;81,84166371
Benin;2009;108;Benin;2009;84,33330082
Benin;2010;108;Benin;2010;86,88793899
Benin;2011;108;Benin;2011;89,51421603
Benin;2012;108;Benin;2012;92,21050905
Benin;2013;108;Benin;2013;94,97014899
Benin;2014;108;Benin;2014;97,81841078
Benin;2015;108;Benin;2015;100,7509844
Benin;2016;108;Benin;2016;103,7410607
Benin;2017;108;Benin;2017;106,7735012
Benin;2018;108;Benin;2018;109,8203884
Benin;2019;108;Benin;2019;112,8658656
Benin;2020;108;Benin;2020;115,9113959
Bermuda;2000;1281;Bermuda;2000;1139,814815
Bermuda;2001;1281;Bermuda;2001;1145,685185
Bermuda;2002;1281;Bermuda;2002;1150,777778
Bermuda;2003;1281;Bermuda;2003;1155,296296
Bermuda;2004;1281;Bermuda;2004;1158,425926
Bermuda;2005;1281;Bermuda;2005;1161,314815
Bermuda;2006;1281;Bermuda;2006;1163,592593
Bermuda;2007;1281;Bermuda;2007;1166,851852
Bermuda;2008;1281;Bermuda;2008;1172,222222
Bermuda;2009;1281;Bermuda;2009;1177,12963
Bermuda;2010;1281;Bermuda;2010;1180,092593
Bermuda;2011;1281;Bermuda;2011;1180,240741
Bermuda;2012;1281;Bermuda;2012;1178,62963
Bermuda;2013;1281;Bermuda;2013;1177,296296
Bermuda;2014;1281;Bermuda;2014;1176,462963
Bermuda;2015;1281;Bermuda;2015;1175,259259
Bermuda;2016;1281;Bermuda;2016;1174,981481
Bermuda;2017;1281;Bermuda;2017;1177,37037
Bermuda;2018;1281;Bermuda;2018;1182,055556
Bermuda;2019;1281;Bermuda;2019;1187,166667
Bermuda;2020;1281;Bermuda;2020;1192,259259
Bhutan;2000;20;Bhutan;2000;14,99655779
Bhutan;2001;20;Bhutan;2001;15,34658291
Bhutan;2002;20;Bhutan;2002;15,68866834
Bhutan;2003;20;Bhutan;2003;16,02168342
Bhutan;2004;20;Bhutan;2004;17,06703046
Bhutan;2005;20;Bhutan;2005;17,36403704
Bhutan;2006;20;Bhutan;2006;17,59842065
Bhutan;2007;20;Bhutan;2007;17,80415563
Bhutan;2008;20;Bhutan;2008;18,00642758
Bhutan;2009;20;Bhutan;2009;18,20678437
Bhutan;2010;20;Bhutan;2010;18,40732482
Bhutan;2011;20;Bhutan;2011;18,61051499
Bhutan;2012;20;Bhutan;2012;18,81782407
Bhutan;2013;20;Bhutan;2013;19,02754676
Bhutan;2014;20;Bhutan;2014;19,23391138
Bhutan;2015;20;Bhutan;2015;19,43012304
Bhutan;2016;20;Bhutan;2016;19,60638633
Bhutan;2017;20;Bhutan;2017;19,77598049
Bhutan;2018;20;Bhutan;2018;19,92026744
Bhutan;2019;20;Bhutan;2019;20,05306765
Bhutan;2020;20;Bhutan;2020;20,1889355
Bosnia and Herzegovina;2000;64;Bosnia and Herzegovina;2000;81,24552734
Bosnia and Herzegovina;2001;64;Bosnia and Herzegovina;2001;81,62964844
Bosnia and Herzegovina;2002;64;Bosnia and Herzegovina;2002;81,79691406
Bosnia and Herzegovina;2003;64;Bosnia and Herzegovina;2003;81,61177734
Bosnia and Herzegovina;2004;64;Bosnia and Herzegovina;2004;80,87865234
Bosnia and Herzegovina;2005;64;Bosnia and Herzegovina;2005;80,00962891
Bosnia and Herzegovina;2006;64;Bosnia and Herzegovina;2006;79,36078125
Bosnia and Herzegovina;2007;64;Bosnia and Herzegovina;2007;78,3871875
Bosnia and Herzegovina;2008;64;Bosnia and Herzegovina;2008;77,10046875
Bosnia and Herzegovina;2009;64;Bosnia and Herzegovina;2009;75,77722656
Bosnia and Herzegovina;2010;64;Bosnia and Herzegovina;2010;74,4428125
Bosnia and Herzegovina;2011;64;Bosnia and Herzegovina;2011;73,08199219
Bosnia and Herzegovina;2012;64;Bosnia and Herzegovina;2012;71,68189453
Bosnia and Herzegovina;2013;64;Bosnia and Herzegovina;2013;70,52458984
Bosnia and Herzegovina;2014;64;Bosnia and Herzegovina;2014;69,62556641
Bosnia and Herzegovina;2015;64;Bosnia and Herzegovina;2015;68,72150391
Bosnia and Herzegovina;2016;64;Bosnia and Herzegovina;2016;67,83208984
Bosnia and Herzegovina;2017;64;Bosnia and Herzegovina;2017;66,96644531
Bosnia and Herzegovina;2018;64;Bosnia and Herzegovina;2018;66,15234375
Bosnia and Herzegovina;2019;64;Bosnia and Herzegovina;2019;65,34244141
Bosnia and Herzegovina;2020;64;Bosnia and Herzegovina;2020;64,44041016
Botswana;2000;4;Botswana;2000;2,959755086
Botswana;2001;4;Botswana;2001;3,021287033
Botswana;2002;4;Botswana;2002;3,078649445
Botswana;2003;4;Botswana;2003;3,133301572
Botswana;2004;4;Botswana;2004;3,18872479
Botswana;2005;4;Botswana;2005;3,246478923
Botswana;2006;4;Botswana;2006;3,307599739
Botswana;2007;4;Botswana;2007;3,37233074
Botswana;2008;4;Botswana;2008;3,440738976
Botswana;2009;4;Botswana;2009;3,512559773
Botswana;2010;4;Botswana;2010;3,587441992
Botswana;2011;4;Botswana;2011;3,65877049
Botswana;2012;4;Botswana;2012;3,720672984
Botswana;2013;4;Botswana;2013;3,777251954
Botswana;2014;4;Botswana;2014;3,832590475
Botswana;2015;4;Botswana;2015;3,887694317
Botswana;2016;4;Botswana;2016;3,943281633
Botswana;2017;4;Botswana;2017;3,99969474
Botswana;2018;4;Botswana;2018;4,056854234
Botswana;2019;4;Botswana;2019;4,114980679
Botswana;2020;4;Botswana;2020;4,174640481
Brazil;2000;25;Brazil;2000;20,82021622
Brazil;2001;25;Brazil;2001;21,09335366
Brazil;2002;25;Brazil;2002;21,35684303
Brazil;2003;25;Brazil;2003;21,61039274
Brazil;2004;25;Brazil;2004;21,85595635
Brazil;2005;25;Brazil;2005;22,09679438
Brazil;2006;25;Brazil;2006;22,33189513
Brazil;2007;25;Brazil;2007;22,5591244
Brazil;2008;25;Brazil;2008;22,77627582
Brazil;2009;25;Brazil;2009;22,98118373
Brazil;2010;25;Brazil;2010;23,17524342
Brazil;2011;25;Brazil;2011;23,36461629
Brazil;2012;25;Brazil;2012;23,55501475
Brazil;2013;25;Brazil;2013;23,74670668
Brazil;2014;25;Brazil;2014;23,93895376
Brazil;2015;25;Brazil;2015;24,12923593
Brazil;2016;25;Brazil;2016;24,31379637
Brazil;2017;25;Brazil;2017;24,49150708
Brazil;2018;25;Brazil;2018;24,65946502
Brazil;2019;25;Brazil;2019;24,82076862
Brazil;2020;25;Brazil;2020;24,96498527
Bulgaria;2000;64;Bulgaria;2000;73,85132423
Bulgaria;2001;64;Bulgaria;2001;72,3957516
Bulgaria;2002;64;Bulgaria;2002;72,03272978
Bulgaria;2003;64;Bulgaria;2003;71,48411327
Bulgaria;2004;64;Bulgaria;2004;70,95310776
Bulgaria;2005;64;Bulgaria;2005;70,4986377
Bulgaria;2006;64;Bulgaria;2006;69,97166529
Bulgaria;2007;64;Bulgaria;2007;69,47185342
Bulgaria;2008;64;Bulgaria;2008;68,98592211
Bulgaria;2009;64;Bulgaria;2009;68,57445652
Bulgaria;2010;64;Bulgaria;2010;68,12453021
Bulgaria;2011;64;Bulgaria;2011;67,68909359
Bulgaria;2012;64;Bulgaria;2012;67,2981577
Bulgaria;2013;64;Bulgaria;2013;65,95435704
Bulgaria;2014;64;Bulgaria;2014;65,15817981
Bulgaria;2015;64;Bulgaria;2015;64,33516028
Bulgaria;2016;64;Bulgaria;2016;63,50533346
Bulgaria;2017;64;Bulgaria;2017;62,67011791
Bulgaria;2018;64;Bulgaria;2018;61,81648858
Bulgaria;2019;64;Bulgaria;2019;60,94994473
Bulgaria;2020;64;Bulgaria;2020;60,34170965
Burkina Faso;2000;76;Burkina Faso;2000;43,58752193
Burkina Faso;2001;76;Burkina Faso;2001;44,93786915
Burkina Faso;2002;76;Burkina Faso;2002;46,34830775
Burkina Faso;2003;76;Burkina Faso;2003;47,81627193
Burkina Faso;2004;76;Burkina Faso;2004;49,34405336
Burkina Faso;2005;76;Burkina Faso;2005;50,92150219
Burkina Faso;2006;76;Burkina Faso;2006;52,5354788
Burkina Faso;2007;76;Burkina Faso;2007;54,15316886
Burkina Faso;2008;76;Burkina Faso;2008;55,76788377
Burkina Faso;2009;76;Burkina Faso;2009;57,41983187
Burkina Faso;2010;76;Burkina Faso;2010;59,12462719
Burkina Faso;2011;76;Burkina Faso;2011;60,89878655
Burkina Faso;2012;76;Burkina Faso;2012;62,76420687
Burkina Faso;2013;76;Burkina Faso;2013;64,67620249
Burkina Faso;2014;76;Burkina Faso;2014;66,62814693
Burkina Faso;2015;76;Burkina Faso;2015;68,63116594
Burkina Faso;2016;76;Burkina Faso;2016;70,66833333
Burkina Faso;2017;76;Burkina Faso;2017;72,71347588
Burkina Faso;2018;76;Burkina Faso;2018;74,70134503
Burkina Faso;2019;76;Burkina Faso;2019;76,61532164
Burkina Faso;2020;76;Burkina Faso;2020;78,50398392
Burundi;2000;463;Burundi;2000;251,954595
Burundi;2001;463;Burundi;2001;258,3475467
Burundi;2002;463;Burundi;2002;265,7372274
Burundi;2003;463;Burundi;2003;274,2661215
Burundi;2004;463;Burundi;2004;284,682866
Burundi;2005;463;Burundi;2005;295,4555685
Burundi;2006;463;Burundi;2006;306,290771
Burundi;2007;463;Burundi;2007;317,8299844
Burundi;2008;463;Burundi;2008;331,2163941
Burundi;2009;463;Burundi;2009;348,4285826
Burundi;2010;463;Burundi;2010;365,126324
Burundi;2011;463;Burundi;2011;378,4259346
Burundi;2012;463;Burundi;2012;392,1739875
Burundi;2013;463;Burundi;2013;406,5163941
Burundi;2014;463;Burundi;2014;420,5523754
Burundi;2015;463;Burundi;2015;430,2017134
Burundi;2016;463;Burundi;2016;437,6733255
Burundi;2017;463;Burundi;2017;448,0826324
Burundi;2018;463;Burundi;2018;461,816433
Burundi;2019;463;Burundi;2019;477,2327103
Burundi;2020;463;Burundi;2020;491,3176012
Cambodia;2000;95;Cambodia;2000;70,60013596
Cambodia;2001;95;Cambodia;2001;71,71133016
Cambodia;2002;95;Cambodia;2002;72,82597439
Cambodia;2003;95;Cambodia;2003;73,93478359
Cambodia;2004;95;Cambodia;2004;75,03246658
Cambodia;2005;95;Cambodia;2005;76,13416044
Cambodia;2006;95;Cambodia;2006;77,2661908
Cambodia;2007;95;Cambodia;2007;78,41474054
Cambodia;2008;95;Cambodia;2008;79,61408906
Cambodia;2009;95;Cambodia;2009;80,87927714
Cambodia;2010;95;Cambodia;2010;82,14777929
Cambodia;2011;95;Cambodia;2011;83,40462271
Cambodia;2012;95;Cambodia;2012;84,66510877
Cambodia;2013;95;Cambodia;2013;85,94044867
Cambodia;2014;95;Cambodia;2014;87,22395196
Cambodia;2015;95;Cambodia;2015;88,50697371
Cambodia;2016;95;Cambodia;2016;89,80740426
Cambodia;2017;95;Cambodia;2017;91,05694539
Cambodia;2018;95;Cambodia;2018;92,19647632
Cambodia;2019;95;Cambodia;2019;93,36791298
Cambodia;2020;95;Cambodia;2020;94,75115568
Cameroon;2000;56;Cameroon;2000;31,54710287
Cameroon;2001;56;Cameroon;2001;32,38664297
Cameroon;2002;56;Cameroon;2002;33,26675552
Cameroon;2003;56;Cameroon;2003;34,18658374
Cameroon;2004;56;Cameroon;2004;35,13885257
Cameroon;2005;56;Cameroon;2005;36,12065325
Cameroon;2006;56;Cameroon;2006;37,12721753
Cameroon;2007;56;Cameroon;2007;38,18386749
Cameroon;2008;56;Cameroon;2008;39,292708
Cameroon;2009;56;Cameroon;2009;40,43488397
Cameroon;2010;56;Cameroon;2010;41,60704449
Cameroon;2011;56;Cameroon;2011;42,80066849
Cameroon;2012;56;Cameroon;2012;44,02176599
Cameroon;2013;56;Cameroon;2013;45,27591124
Cameroon;2014;56;Cameroon;2014;46,6668634
Cameroon;2015;56;Cameroon;2015;48,15513528
Cameroon;2016;56;Cameroon;2016;49,61638425
Cameroon;2017;56;Cameroon;2017;51,04313638
Cameroon;2018;56;Cameroon;2018;52,47695839
Cameroon;2019;56;Cameroon;2019;53,95717247
Cameroon;2020;56;Cameroon;2020;55,44743712
Canada;2000;4;Canada;2000;3,42261134
Canada;2001;4;Canada;2001;3,459990363
Canada;2002;4;Canada;2002;3,497728426
Canada;2003;4;Canada;2003;3,529322777
Canada;2004;4;Canada;2004;3,562376486
Canada;2005;4;Canada;2005;3,596275538
Canada;2006;4;Canada;2006;3,632911275
Canada;2007;4;Canada;2007;3,668345976
Canada;2008;4;Canada;2008;3,708322375
Canada;2009;4;Canada;2009;3,751015717
Canada;2010;4;Canada;2010;3,792935211
Canada;2011;4;Canada;2011;3,830112798
Canada;2012;4;Canada;2012;3,871847252
Canada;2013;4;Canada;2013;3,912848123
Canada;2014;4;Canada;2014;3,952229134
Canada;2015;4;Canada;2015;3,982392458
Canada;2016;4;Canada;2016;4,027710725
Canada;2017;4;Canada;2017;4,076148363
Canada;2018;4;Canada;2018;4,134989443
Canada;2019;4;Canada;2019;4,195875007
Canada;2020;4;Canada;2020;4,241621355
Cayman Islands;2000;274;Cayman Islands;2000;165,3083333
Cayman Islands;2001;274;Cayman Islands;2001;171,2041667
Cayman Islands;2002;274;Cayman Islands;2002;177,1416667
Cayman Islands;2003;274;Cayman Islands;2003;183,0583333
Cayman Islands;2004;274;Cayman Islands;2004;188,9666667
Cayman Islands;2005;274;Cayman Islands;2005;194,95
Cayman Islands;2006;274;Cayman Islands;2006;200,9666667
Cayman Islands;2007;274;Cayman Islands;2007;207,0291667
Cayman Islands;2008;274;Cayman Islands;2008;213,1291667
Cayman Islands;2009;274;Cayman Islands;2009;219,2416667
Cayman Islands;2010;274;Cayman Islands;2010;225,4125
Cayman Islands;2011;274;Cayman Islands;2011;231,6916667
Cayman Islands;2012;274;Cayman Islands;2012;238,0666667
Cayman Islands;2013;274;Cayman Islands;2013;244,3958333
Cayman Islands;2014;274;Cayman Islands;2014;250,6666667
Cayman Islands;2015;274;Cayman Islands;2015;256,8416667
Cayman Islands;2016;274;Cayman Islands;2016;262,9166667
Cayman Islands;2017;274;Cayman Islands;2017;268,8958333
Cayman Islands;2018;274;Cayman Islands;2018;274,7541667
Cayman Islands;2019;274;Cayman Islands;2019;280,5291667
Cayman Islands;2020;274;Cayman Islands;2020;286,1833333
Central African Republic;2000;8;Central African Republic;2000;6,153353238
Central African Republic;2001;8;Central African Republic;2001;6,291513371
Central African Republic;2002;8;Central African Republic;2002;6,430506597
Central African Republic;2003;8;Central African Republic;2003;6,586224277
Central African Republic;2004;8;Central African Republic;2004;6,730273845
Central African Republic;2005;8;Central African Republic;2005;6,884346207
Central African Republic;2006;8;Central African Republic;2006;7,026837138
Central African Republic;2007;8;Central African Republic;2007;7,163584706
Central African Republic;2008;8;Central African Republic;2008;7,318026261
Central African Republic;2009;8;Central African Republic;2009;7,269971749
Central African Republic;2010;8;Central African Republic;2010;7,212101512
Central African Republic;2011;8;Central African Republic;2011;7,327716781
Central African Republic;2012;8;Central African Republic;2012;7,40127773
Central African Republic;2013;8;Central African Republic;2013;7,451955119
Central African Republic;2014;8;Central African Republic;2014;7,421076118
Central African Republic;2015;8;Central African Republic;2015;7,430928762
Central African Republic;2016;8;Central African Republic;2016;7,566315131
Central African Republic;2017;8;Central African Republic;2017;7,694486179
Central African Republic;2018;8;Central African Republic;2018;7,831161514
Central African Republic;2019;8;Central African Republic;2019;7,937177759
Central African Republic;2020;8;Central African Republic;2020;8,068682783
Chad;2000;13;Chad;2000;6,759921379
Chad;2001;13;Chad;2001;6,991839263
Chad;2002;13;Chad;2002;7,239669632
Chad;2003;13;Chad;2003;7,534810197
Chad;2004;13;Chad;2004;7,878046379
Chad;2005;13;Chad;2005;8,202106099
Chad;2006;13;Chad;2006;8,502560356
Chad;2007;13;Chad;2007;8,800555909
Chad;2008;13;Chad;2008;9,113958069
Chad;2009;13;Chad;2009;9,445484435
Chad;2010;13;Chad;2010;9,778093234
Chad;2011;13;Chad;2011;10,12944489
Chad;2012;13;Chad;2012;10,49158037
Chad;2013;13;Chad;2013;10,8728391
Chad;2014;13;Chad;2014;11,26800985
Chad;2015;13;Chad;2015;11,63248173
Chad;2016;13;Chad;2016;12,00337913
Chad;2017;13;Chad;2017;12,40689247
Chad;2018;13;Chad;2018;12,83079018
Chad;2019;13;Chad;2019;13,25065359
Chad;2020;13;Chad;2020;13,67906528
Chile;2000;26;Chile;2000;20,85133525
Chile;2001;26;Chile;2001;21,09371083
Chile;2002;26;Chile;2002;21,32783122
Chile;2003;26;Chile;2003;21,55220219
Chile;2004;26;Chile;2004;21,77084779
Chile;2005;26;Chile;2005;21,98799514
Chile;2006;26;Chile;2006;22,2037451
Chile;2007;26;Chile;2007;22,42214323
Chile;2008;26;Chile;2008;22,64729427
Chile;2009;26;Chile;2009;22,87693199
Chile;2010;26;Chile;2010;23,10790121
Chile;2011;26;Chile;2011;23,33701307
Chile;2012;26;Chile;2012;23,56202423
Chile;2013;26;Chile;2013;23,78782083
Chile;2014;26;Chile;2014;24,08603242
Chile;2015;26;Chile;2015;24,3333484
Chile;2016;26;Chile;2016;24,60938546
Chile;2017;26;Chile;2017;25,00228887
Chile;2018;26;Chile;2018;25,45268489
Chile;2019;26;Chile;2019;25,84400417
Chile;2020;26;Chile;2020;26,07673523
China;2000;153;China;2000;134,492481
China;2001;153;China;2001;135,4730488
China;2002;153;China;2002;136,3837796
China;2003;153;China;2003;137,2359193
China;2004;153;China;2004;138,0534367
China;2005;153;China;2005;138,8677661
China;2006;153;China;2006;139,6453429
China;2007;153;China;2007;140,3765881
China;2008;153;China;2008;141,0977052
China;2009;153;China;2009;141,8012441
China;2010;153;China;2010;142,4877434
China;2011;153;China;2011;143,2685098
China;2012;153;China;2012;144,243669
China;2013;153;China;2013;145,2076439
China;2014;153;China;2014;146,1258167
China;2015;153;China;2015;146,9779493
China;2016;153;China;2016;147,8226414
China;2017;153;China;2017;148,7200435
China;2018;153;China;2018;149,4171945
China;2019;153;China;2019;149,9481797
China;2020;153;China;2020;150,3055428
Colombia;2000;46;Colombia;2000;35,23202704
Colombia;2001;46;Colombia;2001;35,79023164
Colombia;2002;46;Colombia;2002;36,34491212
Colombia;2003;46;Colombia;2003;36,89718702
Colombia;2004;46;Colombia;2004;37,44314646
Colombia;2005;46;Colombia;2005;37,97113745
Colombia;2006;46;Colombia;2006;38,47776836
Colombia;2007;46;Colombia;2007;38,96834069
Colombia;2008;46;Colombia;2008;39,44011537
Colombia;2009;46;Colombia;2009;39,90224516
Colombia;2010;46;Colombia;2010;40,35810635
Colombia;2011;46;Colombia;2011;40,79280216
Colombia;2012;46;Colombia;2012;41,20397476
Colombia;2013;46;Colombia;2013;41,59674087
Colombia;2014;46;Colombia;2014;41,96974223
Colombia;2015;46;Colombia;2015;42,33433078
Colombia;2016;46;Colombia;2016;42,75575665
Colombia;2017;46;Colombia;2017;43,38087247
Colombia;2018;46;Colombia;2018;44,18608833
Colombia;2019;46;Colombia;2019;44,982411
Colombia;2020;46;Colombia;2020;45,63316539
Comoros;2000;467;Comoros;2000;288,0601827
Comoros;2001;467;Comoros;2001;294,0462117
Comoros;2002;467;Comoros;2002;300,3347663
Comoros;2003;467;Comoros;2003;306,1783987
Comoros;2004;467;Comoros;2004;312,0386889
Comoros;2005;467;Comoros;2005;318,4723267
Comoros;2006;467;Comoros;2006;324,9613111
Comoros;2007;467;Comoros;2007;331,5029554
Comoros;2008;467;Comoros;2008;338,1552929
Comoros;2009;467;Comoros;2009;344,9473401
Comoros;2010;467;Comoros;2010;351,8731865
Comoros;2011;467;Comoros;2011;358,9768941
Comoros;2012;467;Comoros;2012;366,2708221
Comoros;2013;467;Comoros;2013;374,0956475
Comoros;2014;467;Comoros;2014;382,3229447
Comoros;2015;467;Comoros;2015;390,4793122
Comoros;2016;467;Comoros;2016;398,5711983
Comoros;2017;467;Comoros;2017;406,5926921
Comoros;2018;467;Comoros;2018;414,6104245
Comoros;2019;467;Comoros;2019;422,6641591
Comoros;2020;467;Comoros;2020;431,0386889
Congo;2000;18;Congo, Rep.;2000;9,22795022
Congo;2001;18;Congo, Rep.;2001;9,582831625
Congo;2002;18;Congo, Rep.;2002;9,811920937
Congo;2003;18;Congo, Rep.;2003;10,09005271
Congo;2004;18;Congo, Rep.;2004;10,44086091
Congo;2005;18;Congo, Rep.;2005;10,82399122
Congo;2006;18;Congo, Rep.;2006;11,2369224
Congo;2007;18;Congo, Rep.;2007;11,65572474
Congo;2008;18;Congo, Rep.;2008;12,04543777
Congo;2009;18;Congo, Rep.;2009;12,53651245
Congo;2010;18;Congo, Rep.;2010;13,06673499
Congo;2011;18;Congo, Rep.;2011;13,49845974
Congo;2012;18;Congo, Rep.;2012;13,88125915
Congo;2013;18;Congo, Rep.;2013;14,22283748
Congo;2014;18;Congo, Rep.;2014;14,57065886
Congo;2015;18;Congo, Rep.;2015;14,92703075
Congo;2016;18;Congo, Rep.;2016;15,29293119
Congo;2017;18;Congo, Rep.;2017;15,66913909
Congo;2018;18;Congo, Rep.;2018;16,05598243
Congo;2019;18;Congo, Rep.;2019;16,44703075
Congo;2020;18;Congo, Rep.;2020;16,84565447
Costa Rica;2000;100;Costa Rica;2000;77,1198394
Costa Rica;2001;100;Costa Rica;2001;78,514434
Costa Rica;2002;100;Costa Rica;2002;79,82187622
Costa Rica;2003;100;Costa Rica;2003;81,05726596
Costa Rica;2004;100;Costa Rica;2004;82,25769683
Costa Rica;2005;100;Costa Rica;2005;83,4555425
Costa Rica;2006;100;Costa Rica;2006;84,63258911
Costa Rica;2007;100;Costa Rica;2007;85,78629064
Costa Rica;2008;100;Costa Rica;2008;86,95761849
Costa Rica;2009;100;Costa Rica;2009;88,12751665
Costa Rica;2010;100;Costa Rica;2010;89,22761457
Costa Rica;2011;100;Costa Rica;2011;90,28266745
Costa Rica;2012;100;Costa Rica;2012;91,34222483
Costa Rica;2013;100;Costa Rica;2013;92,36480611
Costa Rica;2014;100;Costa Rica;2014;93,36308265
Costa Rica;2015;100;Costa Rica;2015;94,36032119
Costa Rica;2016;100;Costa Rica;2016;95,31919311
Costa Rica;2017;100;Costa Rica;2017;96,22359969
Costa Rica;2018;100;Costa Rica;2018;97,09788484
Costa Rica;2019;100;Costa Rica;2019;97,91525656
Costa Rica;2020;100;Costa Rica;2020;98,59616138
Croatia;2000;73;Croatia;2000;79,91669051
Croatia;2001;73;Croatia;2001;76,90016454
Croatia;2002;73;Croatia;2002;76,94544999
Croatia;2003;73;Croatia;2003;76,89584376
Croatia;2004;73;Croatia;2004;76,91730398
Croatia;2005;73;Croatia;2005;77,01638553
Croatia;2006;73;Croatia;2006;77,03450432
Croatia;2007;73;Croatia;2007;77,01767207
Croatia;2008;73;Croatia;2008;77,00852334
Croatia;2009;73;Croatia;2009;76,92768566
Croatia;2010;73;Croatia;2010;76,75339504
Croatia;2011;73;Croatia;2011;76,48884997
Croatia;2012;73;Croatia;2012;76,12693875
Croatia;2013;73;Croatia;2013;75,65438496
Croatia;2014;73;Croatia;2014;75,07679937
Croatia;2015;73;Croatia;2015;74,1856372
Croatia;2016;73;Croatia;2016;73,3840862
Croatia;2017;73;Croatia;2017;72,21440569
Croatia;2018;73;Croatia;2018;71,27394396
Croatia;2019;73;Croatia;2019;70,57018798
Croatia;2020;73;Croatia;2020;69,9464975
Cuba;2000;106;Cuba;2000;103,4367691
Cuba;2001;106;Cuba;2001;103,7628678
Cuba;2002;106;Cuba;2002;105,0607952
Cuba;2003;106;Cuba;2003;105,351344
Cuba;2004;106;Cuba;2004;105,6174796
Cuba;2005;106;Cuba;2005;105,8112927
Cuba;2006;106;Cuba;2006;105,9715306
Cuba;2007;106;Cuba;2007;106,0435175
Cuba;2008;106;Cuba;2008;106,0857009
Cuba;2009;106;Cuba;2009;106,1134818
Cuba;2010;106;Cuba;2010;106,1387542
Cuba;2011;106;Cuba;2011;105,7575681
Cuba;2012;106;Cuba;2012;105,9848194
Cuba;2013;106;Cuba;2013;108,4068989
Cuba;2014;106;Cuba;2014;108,4962027
Cuba;2015;106;Cuba;2015;108,3099424
Cuba;2016;106;Cuba;2016;108,2815456
Cuba;2017;106;Cuba;2017;108,3605877
Cuba;2018;106;Cuba;2018;108,1610597
Cuba;2019;106;Cuba;2019;107,9272254
Cuba;2020;106;Cuba;2020;107,6720039
Cyprus;2000;131;Cyprus;2000;102,5613636
Cyprus;2001;131;Cyprus;2001;104,3427489
Cyprus;2002;131;Cyprus;2002;106,2164502
Cyprus;2003;131;Cyprus;2003;108,1807359
Cyprus;2004;131;Cyprus;2004;110,159632
Cyprus;2005;131;Cyprus;2005;112,1375541
Cyprus;2006;131;Cyprus;2006;114,1145022
Cyprus;2007;131;Cyprus;2007;116,0945887
Cyprus;2008;131;Cyprus;2008;118,0764069
Cyprus;2009;131;Cyprus;2009;120,0617965
Cyprus;2010;131;Cyprus;2010;122,0580087
Cyprus;2011;131;Cyprus;2011;124,079329
Cyprus;2012;131;Cyprus;2012;126,1252165
Cyprus;2013;131;Cyprus;2013;128,1271645
Cyprus;2014;131;Cyprus;2014;130,0650433
Cyprus;2015;131;Cyprus;2015;131,9807359
Cyprus;2016;131;Cyprus;2016;133,8865801
Cyprus;2017;131;Cyprus;2017;135,7440476
Cyprus;2018;131;Cyprus;2018;137,5256494
Cyprus;2019;131;Cyprus;2019;139,2501082
Cyprus;2020;131;Cyprus;2020;140,9358225
Czechia;2000;136;Czechia;2000;132,7172641
Czechia;2001;136;Czechia;2001;132,2195548
Czechia;2002;136;Czechia;2002;131,964747
Czechia;2003;136;Czechia;2003;131,9269833
Czechia;2004;136;Czechia;2004;131,9842221
Czechia;2005;136;Czechia;2005;132,1669169
Czechia;2006;136;Czechia;2006;132,5424595
Czechia;2007;136;Czechia;2007;133,3181618
Czechia;2008;136;Czechia;2008;134,4459218
Czechia;2009;136;Czechia;2009;135,214086
Czechia;2010;136;Czechia;2010;135,6261815
Czechia;2011;136;Czechia;2011;135,9068756
Czechia;2012;136;Czechia;2012;136,0971773
Czechia;2013;136;Czechia;2013;136,1599586
Czechia;2014;136;Czechia;2014;136,30338
Czechia;2015;136;Czechia;2015;136,589289
Czechia;2016;136;Czechia;2016;136,8518586
Czechia;2017;136;Czechia;2017;137,2158788
Czechia;2018;136;Czechia;2018;137,6755343
Czechia;2019;136;Czechia;2019;138,2268103
Czechia;2020;136;Czechia;2020;138,5759288
Denmark;2000;137;Denmark;2000;133,4904
Denmark;2001;137;Denmark;2001;133,969575
Denmark;2002;137;Denmark;2002;134,398275
Denmark;2003;137;Denmark;2003;134,76435
Denmark;2004;137;Denmark;2004;135,113075
Denmark;2005;137;Denmark;2005;135,4858
Denmark;2006;137;Denmark;2006;135,9318
Denmark;2007;137;Denmark;2007;136,53595
Denmark;2008;137;Denmark;2008;137,340525
Denmark;2009;137;Denmark;2009;138,077375
Denmark;2010;137;Denmark;2010;138,692075
Denmark;2011;137;Denmark;2011;139,2643
Denmark;2012;137;Denmark;2012;139,7893
Denmark;2013;137;Denmark;2013;140,3733
Denmark;2014;137;Denmark;2014;141,086875
Denmark;2015;137;Denmark;2015;142,087075
Denmark;2016;137;Denmark;2016;143,20025
Denmark;2017;137;Denmark;2017;144,1245
Denmark;2018;137;Denmark;2018;144,8409
Denmark;2019;137;Denmark;2019;145,36055
Denmark;2020;137;Denmark;2020;145,7851
Djibouti;2000;43;Djibouti;2000;32,23977567
Djibouti;2001;43;Djibouti;2001;33,27493529
Djibouti;2002;43;Djibouti;2002;34,32157032
Djibouti;2003;43;Djibouti;2003;35,09572908
Djibouti;2004;43;Djibouti;2004;35,63951682
Djibouti;2005;43;Djibouti;2005;36,20220017
Djibouti;2006;43;Djibouti;2006;36,91820535
Djibouti;2007;43;Djibouti;2007;37,72769629
Djibouti;2008;43;Djibouti;2008;38,51311475
Djibouti;2009;43;Djibouti;2009;39,32385677
Djibouti;2010;43;Djibouti;2010;40,13162209
Djibouti;2011;43;Djibouti;2011;40,92139776
Djibouti;2012;43;Djibouti;2012;41,70608283
Djibouti;2013;43;Djibouti;2013;42,48593615
Djibouti;2014;43;Djibouti;2014;43,2578516
Djibouti;2015;43;Djibouti;2015;44,01695427
Djibouti;2016;43;Djibouti;2016;44,76501294
Djibouti;2017;43;Djibouti;2017;45,50651424
Djibouti;2018;43;Djibouti;2018;46,24167386
Djibouti;2019;43;Djibouti;2019;46,96760138
Djibouti;2020;43;Djibouti;2020;47,67851596
Dominica;2000;96;Dominica;2000;91,348
Dominica;2001;96;Dominica;2001;91,05066667
Dominica;2002;96;Dominica;2002;91,156
Dominica;2003;96;Dominica;2003;91,37466667
Dominica;2004;96;Dominica;2004;91,532
Dominica;2005;96;Dominica;2005;91,64533333
Dominica;2006;96;Dominica;2006;91,74133333
Dominica;2007;96;Dominica;2007;91,796
Dominica;2008;96;Dominica;2008;91,80533333
Dominica;2009;96;Dominica;2009;91,81866667
Dominica;2010;96;Dominica;2010;91,812
Dominica;2011;96;Dominica;2011;92,07066667
Dominica;2012;96;Dominica;2012;92,15733333
Dominica;2013;96;Dominica;2013;92,95333333
Dominica;2014;96;Dominica;2014;93,83066667
Dominica;2015;96;Dominica;2015;93,88
Dominica;2016;96;Dominica;2016;92,808
Dominica;2017;96;Dominica;2017;91,328
Dominica;2018;96;Dominica;2018;90,89866667
Dominica;2019;96;Dominica;2019;90,50666667
Dominica;2020;96;Dominica;2020;90,09733333
Dominican Republic;2000;225;Dominican Republic;2000;177,6897123
Dominican Republic;2001;225;Dominican Republic;2001;180,5067895
Dominican Republic;2002;225;Dominican Republic;2002;183,2381495
Dominican Republic;2003;225;Dominican Republic;2003;185,8956738
Dominican Republic;2004;225;Dominican Republic;2004;188,4680604
Dominican Republic;2005;225;Dominican Republic;2005;190,9549576
Dominican Republic;2006;225;Dominican Republic;2006;193,359201
Dominican Republic;2007;225;Dominican Republic;2007;195,7287932
Dominican Republic;2008;225;Dominican Republic;2008;198,1604223
Dominican Republic;2009;225;Dominican Republic;2009;200,6885738
Dominican Republic;2010;225;Dominican Republic;2010;203,2741668
Dominican Republic;2011;225;Dominican Republic;2011;205,8708549
Dominican Republic;2012;225;Dominican Republic;2012;208,453964
Dominican Republic;2013;225;Dominican Republic;2013;211,008756
Dominican Republic;2014;225;Dominican Republic;2014;213,5277996
Dominican Republic;2015;225;Dominican Republic;2015;215,9972883
Dominican Republic;2016;225;Dominican Republic;2016;218,410888
Dominican Republic;2017;225;Dominican Republic;2017;220,7998965
Dominican Republic;2018;225;Dominican Republic;2018;223,184703
Dominican Republic;2019;225;Dominican Republic;2019;226,0267745
Dominican Republic;2020;225;Dominican Republic;2020;228,3973491
Ecuador;2000;71;Ecuador;2000;51,09198744
Ecuador;2001;71;Ecuador;2001;51,98397488
Ecuador;2002;71;Ecuador;2002;52,90091802
Ecuador;2003;71;Ecuador;2003;53,84243034
Ecuador;2004;71;Ecuador;2004;54,79425431
Ecuador;2005;71;Ecuador;2005;55,75037446
Ecuador;2006;71;Ecuador;2006;56,7165848
Ecuador;2007;71;Ecuador;2007;57,69356177
Ecuador;2008;71;Ecuador;2008;58,68578676
Ecuador;2009;71;Ecuador;2009;59,69541794
Ecuador;2010;71;Ecuador;2010;60,70500483
Ecuador;2011;71;Ecuador;2011;61,70972379
Ecuador;2012;71;Ecuador;2012;62,70008858
Ecuador;2013;71;Ecuador;2013;63,64602996
Ecuador;2014;71;Ecuador;2014;64,56403608
Ecuador;2015;71;Ecuador;2015;65,49454421
Ecuador;2016;71;Ecuador;2016;66,45651071
Ecuador;2017;71;Ecuador;2017;67,48074972
Ecuador;2018;71;Ecuador;2018;68,64852231
Ecuador;2019;71;Ecuador;2019;69,81809067
Ecuador;2020;71;Ecuador;2020;70,64770897
Egypt;2000;103;Egypt, Arab Rep.;2000;73,41733286
Egypt;2001;103;Egypt, Arab Rep.;2001;74,99324828
Egypt;2002;103;Egypt, Arab Rep.;2002;76,58761063
Egypt;2003;103;Egypt, Arab Rep.;2003;78,20940077
Egypt;2004;103;Egypt, Arab Rep.;2004;79,84071827
Egypt;2005;103;Egypt, Arab Rep.;2005;81,47170024
Egypt;2006;103;Egypt, Arab Rep.;2006;83,07840976
Egypt;2007;103;Egypt, Arab Rep.;2007;84,66143453
Egypt;2008;103;Egypt, Arab Rep.;2008;86,25725953
Egypt;2009;103;Egypt, Arab Rep.;2009;87,90158823
Egypt;2010;103;Egypt, Arab Rep.;2010;89,60376915
Egypt;2011;103;Egypt, Arab Rep.;2011;91,50942689
Egypt;2012;103;Egypt, Arab Rep.;2012;93,58682104
Egypt;2013;103;Egypt, Arab Rep.;2013;95,76930333
Egypt;2014;103;Egypt, Arab Rep.;2014;97,97443769
Egypt;2015;103;Egypt, Arab Rep.;2015;100,0525812
Egypt;2016;103;Egypt, Arab Rep.;2016;102,1091858
Egypt;2017;103;Egypt, Arab Rep.;2017;104,1700306
Egypt;2018;103;Egypt, Arab Rep.;2018;106,1651454
Egypt;2019;103;Egypt, Arab Rep.;2019;108,0447617
Egypt;2020;103;Egypt, Arab Rep.;2020;109,8147813
El Salvador;2000;313;El Salvador;2000;286,8419884
El Salvador;2001;313;El Salvador;2001;288,0337838
El Salvador;2002;313;El Salvador;2002;288,9300676
El Salvador;2003;313;El Salvador;2003;289,5076737
El Salvador;2004;313;El Salvador;2004;289,8007239
El Salvador;2005;313;El Salvador;2005;289,8444981
El Salvador;2006;313;El Salvador;2006;289,6872104
El Salvador;2007;313;El Salvador;2007;290,0494208
El Salvador;2008;313;El Salvador;2008;290,9892375
El Salvador;2009;313;El Salvador;2009;291,9053571
El Salvador;2010;313;El Salvador;2010;292,8691602
El Salvador;2011;313;El Salvador;2011;293,9250483
El Salvador;2012;313;El Salvador;2012;295,0760135
El Salvador;2013;313;El Salvador;2013;296,2760135
El Salvador;2014;313;El Salvador;2014;297,4399131
El Salvador;2015;313;El Salvador;2015;298,4399614
El Salvador;2016;313;El Salvador;2016;299,2664093
El Salvador;2017;313;El Salvador;2017;299,8809363
El Salvador;2018;313;El Salvador;2018;300,1837355
El Salvador;2019;313;El Salvador;2019;300,3049228
El Salvador;2020;313;El Salvador;2020;300,9012066
Equatorial Guinea;2000;50;Equatorial Guinea;2000;25,07233512
Equatorial Guinea;2001;50;Equatorial Guinea;2001;26,73212121
Equatorial Guinea;2002;50;Equatorial Guinea;2002;28,44766488
Equatorial Guinea;2003;50;Equatorial Guinea;2003;30,22680927
Equatorial Guinea;2004;50;Equatorial Guinea;2004;32,0826025
Equatorial Guinea;2005;50;Equatorial Guinea;2005;33,7742246
Equatorial Guinea;2006;50;Equatorial Guinea;2006;35,30634581
Equatorial Guinea;2007;50;Equatorial Guinea;2007;36,93561497
Equatorial Guinea;2008;50;Equatorial Guinea;2008;38,66417112
Equatorial Guinea;2009;50;Equatorial Guinea;2009;40,48745098
Equatorial Guinea;2010;50;Equatorial Guinea;2010;42,3916221
Equatorial Guinea;2011;50;Equatorial Guinea;2011;44,27219251
Equatorial Guinea;2012;50;Equatorial Guinea;2012;46,11347594
Equatorial Guinea;2013;50;Equatorial Guinea;2013;47,99351159
Equatorial Guinea;2014;50;Equatorial Guinea;2014;49,90474153
Equatorial Guinea;2015;50;Equatorial Guinea;2015;51,83326203
Equatorial Guinea;2016;50;Equatorial Guinea;2016;53,76777184
Equatorial Guinea;2017;50;Equatorial Guinea;2017;55,70039216
Equatorial Guinea;2018;50;Equatorial Guinea;2018;57,62645276
Equatorial Guinea;2019;50;Equatorial Guinea;2019;59,54285205
Equatorial Guinea;2020;50;Equatorial Guinea;2020;61,19315508
Eritrea;2000;35;Eritrea;2000;22,24783168
Eritrea;2001;35;Eritrea;2001;22,89187129
Eritrea;2002;35;Eritrea;2002;23,69285149
Eritrea;2003;35;Eritrea;2003;24,69210891
Eritrea;2004;35;Eritrea;2004;21,47650541
Eritrea;2005;35;Eritrea;2005;21,98890999
Eritrea;2006;35;Eritrea;2006;22,34224742
Eritrea;2007;35;Eritrea;2007;22,6651486
Eritrea;2008;35;Eritrea;2008;23,26437552
Eritrea;2009;35;Eritrea;2009;23,8530993
Eritrea;2010;35;Eritrea;2010;24,32729108
Eritrea;2011;35;Eritrea;2011;24,76265617
Eritrea;2012;35;Eritrea;2012;25,08205175
Eritrea;2013;35;Eritrea;2013;25,39759056
Eritrea;2014;35;Eritrea;2014;25,57229476
Eritrea;2015;35;Eritrea;2015;25,6468529
Eritrea;2016;35;Eritrea;2016;25,80742961
Eritrea;2017;35;Eritrea;2017;26,02060722
Eritrea;2018;35;Eritrea;2018;26,36951008
Eritrea;2019;35;Eritrea;2019;26,76064906
Eritrea;2020;35;Eritrea;2020;27,19141159
Estonia;2000;31;Estonia;2000;32,95553197
Estonia;2001;31;Estonia;2001;32,7462845
Estonia;2002;31;Estonia;2002;32,53951404
Estonia;2003;31;Estonia;2003;32,33592828
Estonia;2004;31;Estonia;2004;32,14319415
Estonia;2005;31;Estonia;2005;31,95977825
Estonia;2006;31;Estonia;2006;31,77188016
Estonia;2007;31;Estonia;2007;31,62727058
Estonia;2008;31;Estonia;2008;31,5425808
Estonia;2009;31;Estonia;2009;31,48183534
Estonia;2010;31;Estonia;2010;31,41012031
Estonia;2011;31;Estonia;2011;31,31490918
Estonia;2012;31;Estonia;2012;31,20301958
Estonia;2013;31;Estonia;2013;30,31969174
Estonia;2014;31;Estonia;2014;30,24028065
Estonia;2015;31;Estonia;2015;30,26011042
Estonia;2016;31;Estonia;2016;30,2689211
Estonia;2017;31;Estonia;2017;30,816
Estonia;2018;31;Estonia;2018;30,9234386
Estonia;2019;31;Estonia;2019;31,03854971
Estonia;2020;31;Estonia;2020;31,09992982
Eswatini;2000;67;Eswatini;2000;60,54732558
Eswatini;2001;67;Eswatini;2001;61,10837209
Eswatini;2002;67;Eswatini;2002;61,59540698
Eswatini;2003;67;Eswatini;2003;62,01744186
Eswatini;2004;67;Eswatini;2004;62,39296512
Eswatini;2005;67;Eswatini;2005;62,73383721
Eswatini;2006;67;Eswatini;2006;63,04860465
Eswatini;2007;67;Eswatini;2007;63,4130814
Eswatini;2008;67;Eswatini;2008;63,8425
Eswatini;2009;67;Eswatini;2009;64,2530814
Eswatini;2010;67;Eswatini;2010;64,63081395
Eswatini;2011;67;Eswatini;2011;64,9902907
Eswatini;2012;67;Eswatini;2012;65,34087209
Eswatini;2013;67;Eswatini;2013;65,69709302
Eswatini;2014;67;Eswatini;2014;66,06389535
Eswatini;2015;67;Eswatini;2015;66,44261628
Eswatini;2016;67;Eswatini;2016;66,83180233
Eswatini;2017;67;Eswatini;2017;67,3369186
Eswatini;2018;67;Eswatini;2018;67,96098837
Eswatini;2019;67;Eswatini;2019;68,59732558
Eswatini;2020;67;Eswatini;2020;69,3447093
Ethiopia;2000;115;Ethiopia;2000;67,411494
Ethiopia;2001;115;Ethiopia;2001;69,487762
Ethiopia;2002;115;Ethiopia;2002;71,635517
Ethiopia;2003;115;Ethiopia;2003;73,832663
Ethiopia;2004;115;Ethiopia;2004;67,40863725
Ethiopia;2005;115;Ethiopia;2005;69,43778477
Ethiopia;2006;115;Ethiopia;2006;71,50677486
Ethiopia;2007;115;Ethiopia;2007;73,63186221
Ethiopia;2008;115;Ethiopia;2008;75,79839696
Ethiopia;2009;115;Ethiopia;2009;77,98026314
Ethiopia;2010;115;Ethiopia;2010;80,22403021
Ethiopia;2011;115;Ethiopia;2011;82,53767959
Ethiopia;2012;115;Ethiopia;2012;84,88418078
Ethiopia;2013;115;Ethiopia;2013;87,22415785
Ethiopia;2014;115;Ethiopia;2014;89,59874025
Ethiopia;2015;115;Ethiopia;2015;92,03678223
Ethiopia;2016;115;Ethiopia;2016;94,56147998
Ethiopia;2017;115;Ethiopia;2017;97,17443526
Ethiopia;2018;115;Ethiopia;2018;99,82988254
Ethiopia;2019;115;Ethiopia;2019;102,5521595
Ethiopia;2020;115;Ethiopia;2020;105,3700909
Fiji;2000;49;Fiji;2000;46,02676519
Fiji;2001;49;Fiji;2001;46,50224412
Fiji;2002;49;Fiji;2002;46,96491516
Fiji;2003;49;Fiji;2003;47,41576355
Fiji;2004;49;Fiji;2004;47,85801861
Fiji;2005;49;Fiji;2005;48,29660646
Fiji;2006;49;Fiji;2006;48,73371648
Fiji;2007;49;Fiji;2007;49,14241927
Fiji;2008;49;Fiji;2008;49,44712644
Fiji;2009;49;Fiji;2009;49,65730706
Fiji;2010;49;Fiji;2010;49,83136289
Fiji;2011;49;Fiji;2011;49,97203065
Fiji;2012;49;Fiji;2012;50,07761357
Fiji;2013;49;Fiji;2013;50,1561029
Fiji;2014;49;Fiji;2014;50,22359059
Fiji;2015;49;Fiji;2015;50,27794198
Fiji;2016;49;Fiji;2016;50,31012589
Fiji;2017;49;Fiji;2017;50,28784893
Fiji;2018;49;Fiji;2018;50,2014231
Fiji;2019;49;Fiji;2019;50,07657362
Fiji;2020;49;Fiji;2020;50,08007663
Finland;2000;18;Finland;2000;16,99402147
Finland;2001;18;Finland;2001;17,03275879
Finland;2002;18;Finland;2002;17,07409304
Finland;2003;18;Finland;2003;17,11485604
Finland;2004;18;Finland;2004;17,16462129
Finland;2005;18;Finland;2005;17,22346761
Finland;2006;18;Finland;2006;17,31698399
Finland;2007;18;Finland;2007;17,39195633
Finland;2008;18;Finland;2008;17,48403751
Finland;2009;18;Finland;2009;17,56785456
Finland;2010;18;Finland;2010;17,64841066
Finland;2011;18;Finland;2011;17,73099477
Finland;2012;18;Finland;2012;17,81556155
Finland;2013;18;Finland;2013;17,89783145
Finland;2014;18;Finland;2014;17,97200303
Finland;2015;18;Finland;2015;18,03011089
Finland;2016;18;Finland;2016;18,08200783
Finland;2017;18;Finland;2017;18,12389445
Finland;2018;18;Finland;2018;18,14795012
Finland;2019;18;Finland;2019;18,16736091
Finland;2020;18;Finland;2020;18,19287688
France;2000;119;France;2000;113,0321199
France;2001;119;France;2001;113,8591279
France;2002;119;France;2002;114,6899378
France;2003;119;France;2003;115,5020967
France;2004;119;France;2004;116,3514018
France;2005;119;France;2005;117,2295278
France;2006;119;France;2006;118,048691
France;2007;119;France;2007;118,7807589
France;2008;119;France;2008;119,4454328
France;2009;119;France;2009;120,0601837
France;2010;119;France;2010;120,6535133
France;2011;119;France;2011;121,2372762
France;2012;119;France;2012;121,8251396
France;2013;119;France;2013;122,4565025
France;2014;119;France;2014;123,0393673
France;2015;119;France;2015;123,4776361
France;2016;119;France;2016;123,8038853
France;2017;119;France;2017;124,1636887
France;2018;119;France;2018;124,6096076
France;2019;119;France;2019;125,024698
France;2020;119;France;2020;125,4311346
French Guiana;2000;;;;
Gabon;2000;9;Gabon;2000;4,950409438
Gabon;2001;9;Gabon;2001;5,082427135
Gabon;2002;9;Gabon;2002;5,220378779
Gabon;2003;9;Gabon;2003;5,3648077
Gabon;2004;9;Gabon;2004;5,517169247
Gabon;2005;9;Gabon;2005;5,679726006
Gabon;2006;9;Gabon;2006;5,853754803
Gabon;2007;9;Gabon;2007;6,039651492
Gabon;2008;9;Gabon;2008;6,237338456
Gabon;2009;9;Gabon;2009;6,448387472
Gabon;2010;9;Gabon;2010;6,674735126
Gabon;2011;9;Gabon;2011;6,91576435
Gabon;2012;9;Gabon;2012;7,167652424
Gabon;2013;9;Gabon;2013;7,424453759
Gabon;2014;9;Gabon;2014;7,678033919
Gabon;2015;9;Gabon;2015;7,920941514
Gabon;2016;9;Gabon;2016;8,151146816
Gabon;2017;9;Gabon;2017;8,370784337
Gabon;2018;9;Gabon;2018;8,58585788
Gabon;2019;9;Gabon;2019;8,800814996
Gabon;2020;9;Gabon;2020;9,013618194
Gambia;2000;239;Gambia, The;2000;143,783004
Gambia;2001;239;Gambia, The;2001;147,7283597
Gambia;2002;239;Gambia, The;2002;151,7481225
Gambia;2003;239;Gambia, The;2003;155,890415
Gambia;2004;239;Gambia, The;2004;160,2086957
Gambia;2005;239;Gambia, The;2005;164,7269763
Gambia;2006;239;Gambia, The;2006;169,4935771
Gambia;2007;239;Gambia, The;2007;174,4835968
Gambia;2008;239;Gambia, The;2008;179,6296443
Gambia;2009;239;Gambia, The;2009;184,9231225
Gambia;2010;239;Gambia, The;2010;190,3784585
Gambia;2011;239;Gambia, The;2011;196,026087
Gambia;2012;239;Gambia, The;2012;201,8867589
Gambia;2013;239;Gambia, The;2013;207,8873518
Gambia;2014;239;Gambia, The;2014;213,886166
Gambia;2015;239;Gambia, The;2015;219,8151186
Gambia;2016;239;Gambia, The;2016;225,6688735
Gambia;2017;239;Gambia, The;2017;231,4416008
Gambia;2018;239;Gambia, The;2018;237,1177866
Gambia;2019;239;Gambia, The;2019;242,7711462
Gambia;2020;239;Gambia, The;2020;248,5902174
Georgia;2000;57;Georgia;2000;71,33088981
Georgia;2001;57;Georgia;2001;70,23291578
Georgia;2002;57;Georgia;2002;69,60556702
Georgia;2003;57;Georgia;2003;69,13705868
Georgia;2004;57;Georgia;2004;68,71024179
Georgia;2005;57;Georgia;2005;68,27511459
Georgia;2006;57;Georgia;2006;67,88808216
Georgia;2007;57;Georgia;2007;67,53486826
Georgia;2008;57;Georgia;2008;67,33001505
Georgia;2009;57;Georgia;2009;66,73464782
Georgia;2010;57;Georgia;2010;66,24960635
Georgia;2011;57;Georgia;2011;65,72030162
Georgia;2012;57;Georgia;2012;65,23800693
Georgia;2013;57;Georgia;2013;65,04195388
Georgia;2014;57;Georgia;2014;65,07250079
Georgia;2015;57;Georgia;2015;65,17505861
Georgia;2016;57;Georgia;2016;65,21405578
Georgia;2017;57;Georgia;2017;65,22278596
Georgia;2018;57;Georgia;2018;65,19733021
Georgia;2019;57;Georgia;2019;65,08556982
Georgia;2020;57;Georgia;2020;65,13027048
Germany;2000;240;Germany;2000;235,5968133
Germany;2001;240;Germany;2001;236,0273001
Germany;2002;240;Germany;2002;236,4515708
Germany;2003;240;Germany;2003;236,6164273
Germany;2004;240;Germany;2004;236,5921954
Germany;2005;240;Germany;2005;236,4646806
Germany;2006;240;Germany;2006;236,2251979
Germany;2007;240;Germany;2007;235,9433619
Germany;2008;240;Germany;2008;235,5221782
Germany;2009;240;Germany;2009;234,9396374
Germany;2010;240;Germany;2010;234,6069082
Germany;2011;240;Germany;2011;230,3046333
Germany;2012;240;Germany;2012;230,7506255
Germany;2013;240;Germany;2013;231,1557126
Germany;2014;240;Germany;2014;232,1080539
Germany;2015;240;Germany;2015;234,1529869
Germany;2016;240;Germany;2016;235,7129294
Germany;2017;240;Germany;2017;236,5887226
Germany;2018;240;Germany;2018;237,2940123
Germany;2019;240;Germany;2019;237,8229543
Germany;2020;240;Germany;2020;238,0173188
Ghana;2000;137;Ghana;2000;86,30169201
Ghana;2001;137;Ghana;2001;88,63087369
Ghana;2002;137;Ghana;2002;91,10217105
Ghana;2003;137;Ghana;2003;93,59543377
Ghana;2004;137;Ghana;2004;96,10748879
Ghana;2005;137;Ghana;2005;98,66150127
Ghana;2006;137;Ghana;2006;101,260007
Ghana;2007;137;Ghana;2007;103,9038367
Ghana;2008;137;Ghana;2008;106,5744309
Ghana;2009;137;Ghana;2009;109,2672233
Ghana;2010;137;Ghana;2010;111,958315
Ghana;2011;137;Ghana;2011;114,6835194
Ghana;2012;137;Ghana;2012;117,4926079
Ghana;2013;137;Ghana;2013;120,3577085
Ghana;2014;137;Ghana;2014;123,2380768
Ghana;2015;137;Ghana;2015;126,1143887
Ghana;2016;137;Ghana;2016;129,0179397
Ghana;2017;137;Ghana;2017;131,8816648
Ghana;2018;137;Ghana;2018;134,6470291
Ghana;2019;137;Ghana;2019;137,3820281
Ghana;2020;137;Ghana;2020;140,1477124
Greece;2000;81;Greece;2000;83,83093871
Greece;2001;81;Greece;2001;84,2678976
Greece;2002;81;Greece;2002;84,5773623
Greece;2003;81;Greece;2003;84,77944143
Greece;2004;81;Greece;2004;84,98945694
Greece;2005;81;Greece;2005;85,23905353
Greece;2006;81;Greece;2006;85,49543832
Greece;2007;81;Greece;2007;85,71352211
Greece;2008;81;Greece;2008;85,94135764
Greece;2009;81;Greece;2009;86,16770365
Greece;2010;81;Greece;2010;86,27882855
Greece;2011;81;Greece;2011;86,1512723
Greece;2012;81;Greece;2012;85,68666408
Greece;2013;81;Greece;2013;85,06757952
Greece;2014;81;Greece;2014;84,50281614
Greece;2015;81;Greece;2015;83,94788984
Greece;2016;81;Greece;2016;83,5994647
Greece;2017;81;Greece;2017;83,43428239
Greece;2018;81;Greece;2018;83,26518231
Greece;2019;81;Greece;2019;83,17751746
Greece;2020;81;Greece;2020;82,99921645
Grenada;2000;331;Grenada;2000;316,0323529
Grenada;2001;331;Grenada;2001;317,6088235
Grenada;2002;331;Grenada;2002;318,8352941
Grenada;2003;331;Grenada;2003;320,2470588
Grenada;2004;331;Grenada;2004;321,5382353
Grenada;2005;331;Grenada;2005;322,7470588
Grenada;2006;331;Grenada;2006;323,9264706
Grenada;2007;331;Grenada;2007;325,0647059
Grenada;2008;331;Grenada;2008;326,1647059
Grenada;2009;331;Grenada;2009;327,2176471
Grenada;2010;331;Grenada;2010;328,1941176
Grenada;2011;331;Grenada;2011;329,6441176
Grenada;2012;331;Grenada;2012;331,6911765
Grenada;2013;331;Grenada;2013;333,7852941
Grenada;2014;331;Grenada;2014;335,6823529
Grenada;2015;331;Grenada;2015;337,2823529
Grenada;2016;331;Grenada;2016;338,6176471
Grenada;2017;331;Grenada;2017;339,5235294
Grenada;2018;331;Grenada;2018;340,2676471
Grenada;2019;331;Grenada;2019;341,1205882
Grenada;2020;331;Grenada;2020;342,1794118
Guatemala;2000;167;Guatemala;2000;109,1600597
Guatemala;2001;167;Guatemala;2001;111,6967339
Guatemala;2002;167;Guatemala;2002;114,2862542
Guatemala;2003;167;Guatemala;2003;116,8891564
Guatemala;2004;167;Guatemala;2004;119,5166293
Guatemala;2005;167;Guatemala;2005;122,1316629
Guatemala;2006;167;Guatemala;2006;124,7429918
Guatemala;2007;167;Guatemala;2007;127,3986562
Guatemala;2008;167;Guatemala;2008;130,0408175
Guatemala;2009;167;Guatemala;2009;132,6578108
Guatemala;2010;167;Guatemala;2010;135,3127286
Guatemala;2011;167;Guatemala;2011;138,0377566
Guatemala;2012;167;Guatemala;2012;140,8141751
Guatemala;2013;167;Guatemala;2013;143,5921706
Guatemala;2014;167;Guatemala;2014;146,3393524
Guatemala;2015;167;Guatemala;2015;149,045754
Guatemala;2016;167;Guatemala;2016;151,8174692
Guatemala;2017;167;Guatemala;2017;154,6039287
Guatemala;2018;167;Guatemala;2018;157,2012411
Guatemala;2019;167;Guatemala;2019;159,6099571
Guatemala;2020;167;Guatemala;2020;161,9757839
Guinea;2000;53;Guinea;2000;34,30258831
Guinea;2001;53;Guinea;2001;34,75484291
Guinea;2002;53;Guinea;2002;35,30061045
Guinea;2003;53;Guinea;2003;36,10117614
Guinea;2004;53;Guinea;2004;36,88232948
Guinea;2005;53;Guinea;2005;37,62755982
Guinea;2006;53;Guinea;2006;38,4224768
Guinea;2007;53;Guinea;2007;39,32232216
Guinea;2008;53;Guinea;2008;40,28516197
Guinea;2009;53;Guinea;2009;41,2808644
Guinea;2010;53;Guinea;2010;42,3086684
Guinea;2011;53;Guinea;2011;43,36972977
Guinea;2012;53;Guinea;2012;44,44726111
Guinea;2013;53;Guinea;2013;45,54726111
Guinea;2014;53;Guinea;2014;46,69104672
Guinea;2015;53;Guinea;2015;47,88812469
Guinea;2016;53;Guinea;2016;49,13328178
Guinea;2017;53;Guinea;2017;50,40557952
Guinea;2018;53;Guinea;2018;51,70427316
Guinea;2019;53;Guinea;2019;53,04552336
Guinea;2020;53;Guinea;2020;54,41633974
Guinea-Bissau;2000;70;Guinea-Bissau;2000;43,90970839
Guinea-Bissau;2001;70;Guinea-Bissau;2001;44,85323613
Guinea-Bissau;2002;70;Guinea-Bissau;2002;45,85017781
Guinea-Bissau;2003;70;Guinea-Bissau;2003;46,89921764
Guinea-Bissau;2004;70;Guinea-Bissau;2004;47,99299431
Guinea-Bissau;2005;70;Guinea-Bissau;2005;49,13175676
Guinea-Bissau;2006;70;Guinea-Bissau;2006;50,33083215
Guinea-Bissau;2007;70;Guinea-Bissau;2007;51,59978663
Guinea-Bissau;2008;70;Guinea-Bissau;2008;52,91799431
Guinea-Bissau;2009;70;Guinea-Bissau;2009;54,28083215
Guinea-Bissau;2010;70;Guinea-Bissau;2010;55,7022404
Guinea-Bissau;2011;70;Guinea-Bissau;2011;57,18620199
Guinea-Bissau;2012;70;Guinea-Bissau;2012;58,72748933
Guinea-Bissau;2013;70;Guinea-Bissau;2013;60,31198435
Guinea-Bissau;2014;70;Guinea-Bissau;2014;61,91756757
Guinea-Bissau;2015;70;Guinea-Bissau;2015;63,52976529
Guinea-Bissau;2016;70;Guinea-Bissau;2016;65,14555477
Guinea-Bissau;2017;70;Guinea-Bissau;2017;66,75220484
Guinea-Bissau;2018;70;Guinea-Bissau;2018;68,35590327
Guinea-Bissau;2019;70;Guinea-Bissau;2019;69,97496444
Guinea-Bissau;2020;70;Guinea-Bissau;2020;71,59512802
Guyana;2000;4;Guyana;2000;3,885354331
Guyana;2001;4;Guyana;2001;3,883550927
Guyana;2002;4;Guyana;2002;3,879359919
Guyana;2003;4;Guyana;2003;3,876560833
Guyana;2004;4;Guyana;2004;3,873091186
Guyana;2005;4;Guyana;2005;3,865450851
Guyana;2006;4;Guyana;2006;3,855554991
Guyana;2007;4;Guyana;2007;3,84486157
Guyana;2008;4;Guyana;2008;3,833406147
Guyana;2009;4;Guyana;2009;3,820645161
Guyana;2010;4;Guyana;2010;3,806228092
Guyana;2011;4;Guyana;2011;3,790464821
Guyana;2012;4;Guyana;2012;3,791150622
Guyana;2013;4;Guyana;2013;3,8101143
Guyana;2014;4;Guyana;2014;3,831490983
Guyana;2015;4;Guyana;2015;3,854615189
Guyana;2016;4;Guyana;2016;3,878831598
Guyana;2017;4;Guyana;2017;3,903881128
Guyana;2018;4;Guyana;2018;4,021112522
Guyana;2019;4;Guyana;2019;4,102946406
Guyana;2020;4;Guyana;2020;3,824386663
Haiti;2000;414;Haiti;2000;301,2754354
Haiti;2001;414;Haiti;2001;306,8185051
Haiti;2002;414;Haiti;2002;312,3236938
Haiti;2003;414;Haiti;2003;317,8487663
Haiti;2004;414;Haiti;2004;323,3041727
Haiti;2005;414;Haiti;2005;328,7834906
Haiti;2006;414;Haiti;2006;334,4180697
Haiti;2007;414;Haiti;2007;340,1050798
Haiti;2008;414;Haiti;2008;345,8190856
Haiti;2009;414;Haiti;2009;351,5813135
Haiti;2010;414;Haiti;2010;355,7073295
Haiti;2011;414;Haiti;2011;359,7570392
Haiti;2012;414;Haiti;2012;365,3763062
Haiti;2013;414;Haiti;2013;370,9129898
Haiti;2014;414;Haiti;2014;376,3873367
Haiti;2015;414;Haiti;2015;381,8302612
Haiti;2016;414;Haiti;2016;387,208164
Haiti;2017;414;Haiti;2017;392,5164731
Haiti;2018;414;Haiti;2018;397,7634978
Haiti;2019;414;Haiti;2019;402,9449565
Haiti;2020;414;Haiti;2020;407,9770682
Honduras;2000;89;Honduras;2000;58,78785414
Honduras;2001;89;Honduras;2001;60,39854321
Honduras;2002;89;Honduras;2002;62,01500581
Honduras;2003;89;Honduras;2003;63,62689248
Honduras;2004;89;Honduras;2004;65,23365806
Honduras;2005;89;Honduras;2005;66,83666994
Honduras;2006;89;Honduras;2006;68,43178121
Honduras;2007;89;Honduras;2007;70,0223255
Honduras;2008;89;Honduras;2008;71,61128787
Honduras;2009;89;Honduras;2009;73,19598713
Honduras;2010;89;Honduras;2010;74,7687729
Honduras;2011;89;Honduras;2011;76,33017249
Honduras;2012;89;Honduras;2012;77,88967736
Honduras;2013;89;Honduras;2013;79,44658146
Honduras;2014;89;Honduras;2014;81,000286
Honduras;2015;89;Honduras;2015;82,55702029
Honduras;2016;89;Honduras;2016;84,1217267
Honduras;2017;89;Honduras;2017;85,69252838
Honduras;2018;89;Honduras;2018;87,27509161
Honduras;2019;89;Honduras;2019;88,86972026
Honduras;2020;89;Honduras;2020;90,44275628
Hungary;2000;107;Hungary;2000;113,9362977
Hungary;2001;107;Hungary;2001;113,6752511
Hungary;2002;107;Hungary;2002;113,3520196
Hungary;2003;107;Hungary;2003;113,0278063
Hungary;2004;107;Hungary;2004;112,7777951
Hungary;2005;107;Hungary;2005;112,5662872
Hungary;2006;107;Hungary;2006;112,3911394
Hungary;2007;107;Hungary;2007;112,2171633
Hungary;2008;107;Hungary;2008;112,0208459
Hungary;2009;107;Hungary;2009;110,7108141
Hungary;2010;107;Hungary;2010;110,4608748
Hungary;2011;107;Hungary;2011;110,1483155
Hungary;2012;107;Hungary;2012;109,5809345
Hungary;2013;107;Hungary;2013;109,0548327
Hungary;2014;107;Hungary;2014;107,7475126
Hungary;2015;107;Hungary;2015;107,360892
Hungary;2016;107;Hungary;2016;106,9444992
Hungary;2017;107;Hungary;2017;106,582906
Hungary;2018;107;Hungary;2018;106,3660311
Hungary;2019;107;Hungary;2019;106,2330046
Hungary;2020;107;Hungary;2020;105,9655819
Iceland;2000;3;Iceland;2000;2,805037406
Iceland;2001;3;Iceland;2001;2,842573566
Iceland;2002;3;Iceland;2002;2,86805985
Iceland;2003;3;Iceland;2003;2,887990025
Iceland;2004;3;Iceland;2004;2,913456359
Iceland;2005;3;Iceland;2005;2,95994015
Iceland;2006;3;Iceland;2006;3,030244389
Iceland;2007;3;Iceland;2007;3,107890274
Iceland;2008;3;Iceland;2008;3,166224439
Iceland;2009;3;Iceland;2009;3,177047382
Iceland;2010;3;Iceland;2010;3,172478803
Iceland;2011;3;Iceland;2011;3,182184539
Iceland;2012;3;Iceland;2012;3,199162095
Iceland;2013;3;Iceland;2013;3,229566085
Iceland;2014;3;Iceland;2014;3,265695761
Iceland;2015;3;Iceland;2015;3,299900249
Iceland;2016;3;Iceland;2016;3,346024938
Iceland;2017;3;Iceland;2017;3,425436409
Iceland;2018;3;Iceland;2018;3,498175146
Iceland;2019;3;Iceland;2019;3,575949618
Iceland;2020;3;Iceland;2020;3,634463949
India;2000;464;India;2000;355,8207625
India;2001;464;India;2001;362,5394189
India;2002;464;India;2002;369,165906
India;2003;464;India;2003;375,6244996
India;2004;464;India;2004;382,0783445
India;2005;464;India;2005;388,362776
India;2006;464;India;2006;394,485011
India;2007;464;India;2007;400,4708818
India;2008;464;India;2008;406,2743935
India;2009;464;India;2009;412,1918724
India;2010;464;India;2010;418,2314497
India;2011;464;India;2011;424,1992453
India;2012;464;India;2012;430,0682102
India;2013;464;India;2013;435,8381102
India;2014;464;India;2014;441,3701079
India;2015;464;India;2015;446,6665427
India;2016;464;India;2016;452,0209929
India;2017;464;India;2017;457,3059239
India;2018;464;India;2018;462,3515699
India;2019;464;India;2019;467,1851822
India;2020;464;India;2020;471,7551502
Indonesia;2000;151;Indonesia;2000;115,0868726
Indonesia;2001;151;Indonesia;2001;116,695438
Indonesia;2002;151;Indonesia;2002;118,288281
Indonesia;2003;151;Indonesia;2003;119,8645702
Indonesia;2004;151;Indonesia;2004;121,3977856
Indonesia;2005;151;Indonesia;2005;122,9663455
Indonesia;2006;151;Indonesia;2006;124,6068093
Indonesia;2007;151;Indonesia;2007;126,2636154
Indonesia;2008;151;Indonesia;2008;127,9123689
Indonesia;2009;151;Indonesia;2009;129,5433111
Indonesia;2010;151;Indonesia;2010;131,1865936
Indonesia;2011;151;Indonesia;2011;132,8721744
Indonesia;2012;151;Indonesia;2012;134,5917272
Indonesia;2013;151;Indonesia;2013;136,2715728
Indonesia;2014;151;Indonesia;2014;137,8827053
Indonesia;2015;151;Indonesia;2015;139,4389346
Indonesia;2016;151;Indonesia;2016;140,9452677
Indonesia;2017;151;Indonesia;2017;142,3935832
Indonesia;2018;151;Indonesia;2018;143,7811527
Indonesia;2019;151;Indonesia;2019;145,1326889
Indonesia;2020;151;Indonesia;2020;146,3712836
Iraq;2000;93;Iraq;2000;55,84300706
Iraq;2001;93;Iraq;2001;57,61218191
Iraq;2002;93;Iraq;2002;59,46123191
Iraq;2003;93;Iraq;2003;61,28142991
Iraq;2004;93;Iraq;2004;63,05388573
Iraq;2005;93;Iraq;2005;64,95060932
Iraq;2006;93;Iraq;2006;65,42861879
Iraq;2007;93;Iraq;2007;64,91439056
Iraq;2008;93;Iraq;2008;66,23919336
Iraq;2009;93;Iraq;2009;69,20751059
Iraq;2010;93;Iraq;2010;71,48039694
Iraq;2011;93;Iraq;2011;74,05006447
Iraq;2012;93;Iraq;2012;77,48858445
Iraq;2013;93;Iraq;2013;81,27093622
Iraq;2014;93;Iraq;2014;84,19189502
Iraq;2015;93;Iraq;2015;86,51949425
Iraq;2016;93;Iraq;2016;88,61355867
Iraq;2017;93;Iraq;2017;90,61233784
Iraq;2018;93;Iraq;2018;92,75058047
Iraq;2019;93;Iraq;2019;94,88441481
Iraq;2020;93;Iraq;2020;97,01380923
Ireland;2000;73;Ireland;2000;55,23550588
Ireland;2001;73;Ireland;2001;56,12197706
Ireland;2002;73;Ireland;2002;57,07572942
Ireland;2003;73;Ireland;2003;58,01307882
Ireland;2004;73;Ireland;2004;59,08349543
Ireland;2005;73;Ireland;2005;60,38487444
Ireland;2006;73;Ireland;2006;62,03499782
Ireland;2007;73;Ireland;2007;63,85457976
Ireland;2008;73;Ireland;2008;65,16974888
Ireland;2009;73;Ireland;2009;65,83502685
Ireland;2010;73;Ireland;2010;66,19473073
Ireland;2011;73;Ireland;2011;66,484018
Ireland;2012;73;Ireland;2012;66,76633764
Ireland;2013;73;Ireland;2013;67,11882712
Ireland;2014;73;Ireland;2014;67,61126433
Ireland;2015;73;Ireland;2015;68,25311366
Ireland;2016;73;Ireland;2016;69,13517201
Ireland;2017;73;Ireland;2017;70,07468428
Ireland;2018;73;Ireland;2018;71,09917259
Ireland;2019;73;Ireland;2019;72,23771229
Ireland;2020;73;Ireland;2020;73,1564378
Israel;2000;400;Israel;2000;290,6192237
Israel;2001;400;Israel;2001;297,5508318
Israel;2002;400;Israel;2002;303,6044362
Israel;2003;400;Israel;2003;309,1358595
Israel;2004;400;Israel;2004;314,6487985
Israel;2005;400;Israel;2005;320,2449168
Israel;2006;400;Israel;2006;325,9565619
Israel;2007;400;Israel;2007;331,797597
Israel;2008;400;Israel;2008;337,7449168
Israel;2009;400;Israel;2009;345,9149723
Israel;2010;400;Israel;2010;352,2920518
Israel;2011;400;Israel;2011;358,8632163
Israel;2012;400;Israel;2012;365,5499076
Israel;2013;400;Israel;2013;372,435305
Israel;2014;400;Israel;2014;379,6534196
Israel;2015;400;Israel;2015;387,2504621
Israel;2016;400;Israel;2016;394,9168207
Israel;2017;400;Israel;2017;402,6478743
Israel;2018;400;Israel;2018;410,4805915
Israel;2019;400;Israel;2019;418,3918669
Israel;2020;400;Israel;2020;425,836414
Italy;2000;206;Italy;2000;192,5554346
Italy;2001;206;Italy;2001;192,6733611
Italy;2002;206;Italy;2002;193,054951
Italy;2003;206;Italy;2003;194,1010828
Italy;2004;206;Italy;2004;195,5517723
Italy;2005;206;Italy;2005;196,6964541
Italy;2006;206;Italy;2006;197,4849722
Italy;2007;206;Italy;2007;198,6901271
Italy;2008;206;Italy;2008;200,2285319
Italy;2009;206;Italy;2009;201,3927255
Italy;2010;206;Italy;2010;202,285309
Italy;2011;206;Italy;2011;202,9867678
Italy;2012;206;Italy;2012;203,5427231
Italy;2013;206;Italy;2013;203,9497528
Italy;2014;206;Italy;2014;203,9805051
Italy;2015;206;Italy;2015;203,6724345
Italy;2016;206;Italy;2016;203,2856404
Italy;2017;206;Italy;2017;202,9036176
Italy;2018;206;Italy;2018;202,4808128
Italy;2019;206;Italy;2019;201,9805456
Italy;2020;206;Italy;2020;200,9991005
Jamaica;2000;273;Jamaica;2000;240,7964912
Jamaica;2001;273;Jamaica;2001;242,3271468
Jamaica;2002;273;Jamaica;2002;243,8201293
Jamaica;2003;273;Jamaica;2003;245,3022161
Jamaica;2004;273;Jamaica;2004;246,742844
Jamaica;2005;273;Jamaica;2005;248,1132041
Jamaica;2006;273;Jamaica;2006;249,3968606
Jamaica;2007;273;Jamaica;2007;250,5817175
Jamaica;2008;273;Jamaica;2008;251,6745152
Jamaica;2009;273;Jamaica;2009;252,7234534
Jamaica;2010;273;Jamaica;2010;253,7920591
Jamaica;2011;273;Jamaica;2011;254,8932595
Jamaica;2012;273;Jamaica;2012;255,9953832
Jamaica;2013;273;Jamaica;2013;257,0348107
Jamaica;2014;273;Jamaica;2014;257,9638966
Jamaica;2015;273;Jamaica;2015;258,7750693
Jamaica;2016;273;Jamaica;2016;259,456602
Jamaica;2017;273;Jamaica;2017;259,9966759
Jamaica;2018;273;Jamaica;2018;260,3967682
Jamaica;2019;273;Jamaica;2019;260,689843
Jamaica;2020;273;Jamaica;2020;261,379409
Japan;2000;347;Japan;2000;347,9917695
Japan;2001;347;Japan;2001;348,8312757
Japan;2002;347;Japan;2002;349,6433471
Japan;2003;347;Japan;2003;350,3923182
Japan;2004;347;Japan;2004;350,5102881
Japan;2005;347;Japan;2005;350,5432099
Japan;2006;347;Japan;2006;350,7654321
Japan;2007;347;Japan;2007;351,1687243
Japan;2008;347;Japan;2008;351,3388203
Japan;2009;347;Japan;2009;351,2949246
Japan;2010;347;Japan;2010;351,3580247
Japan;2011;347;Japan;2011;350,7078189
Japan;2012;347;Japan;2012;350,1481481
Japan;2013;347;Japan;2013;349,6433471
Japan;2014;347;Japan;2014;349,1796982
Japan;2015;347;Japan;2015;348,8093278
Japan;2016;347;Japan;2016;348,6310014
Japan;2017;347;Japan;2017;348,345679
Japan;2018;347;Japan;2018;347,9039781
Japan;2019;347;Japan;2019;347,4156379
Japan;2020;347;Japan;2020;346,3950617
Jordan;2000;115;Jordan;2000;61,0487874
Jordan;2001;115;Jordan;2001;62,31747507
Jordan;2002;115;Jordan;2002;63,64535358
Jordan;2003;115;Jordan;2003;65,07058024
Jordan;2004;115;Jordan;2004;66,65980281
Jordan;2005;115;Jordan;2005;68,33167498
Jordan;2006;115;Jordan;2006;72,83965322
Jordan;2007;115;Jordan;2007;77,37111287
Jordan;2008;115;Jordan;2008;79,21425657
Jordan;2009;115;Jordan;2009;80,44326425
Jordan;2010;115;Jordan;2010;82,19241946
Jordan;2011;115;Jordan;2011;84,25798603
Jordan;2012;115;Jordan;2012;85,45986709
Jordan;2013;115;Jordan;2013;90,01812345
Jordan;2014;115;Jordan;2014;99,02804686
Jordan;2015;115;Jordan;2015;107,5099009
Jordan;2016;115;Jordan;2016;112,7096981
Jordan;2017;115;Jordan;2017;115,2762559
Jordan;2018;115;Jordan;2018;117,845303
Jordan;2019;115;Jordan;2019;120,1870735
Jordan;2020;115;Jordan;2020;122,364439
Kazakhstan;2000;7;Kazakhstan;2000;5,741787236
Kazakhstan;2001;7;Kazakhstan;2001;5,769363263
Kazakhstan;2002;7;Kazakhstan;2002;5,799413639
Kazakhstan;2003;7;Kazakhstan;2003;5,833011075
Kazakhstan;2004;7;Kazakhstan;2004;5,871081602
Kazakhstan;2005;7;Kazakhstan;2005;5,914774605
Kazakhstan;2006;7;Kazakhstan;2006;5,965002037
Kazakhstan;2007;7;Kazakhstan;2007;6,021859466
Kazakhstan;2008;7;Kazakhstan;2008;6,084574212
Kazakhstan;2009;7;Kazakhstan;2009;6,156182539
Kazakhstan;2010;7;Kazakhstan;2010;6,236548505
Kazakhstan;2011;7;Kazakhstan;2011;6,321443864
Kazakhstan;2012;7;Kazakhstan;2012;6,410381153
Kazakhstan;2013;7;Kazakhstan;2013;6,503130718
Kazakhstan;2014;7;Kazakhstan;2014;6,599357336
Kazakhstan;2015;7;Kazakhstan;2015;6,698584658
Kazakhstan;2016;7;Kazakhstan;2016;6,802089121
Kazakhstan;2017;7;Kazakhstan;2017;6,908890247
Kazakhstan;2018;7;Kazakhstan;2018;7,012900322
Kazakhstan;2019;7;Kazakhstan;2019;7,115440605
Kazakhstan;2020;7;Kazakhstan;2020;7,216400711
Kenya;2000;94;Kenya;2000;53,84068946
Kenya;2001;94;Kenya;2001;55,55604948
Kenya;2002;94;Kenya;2002;57,33177777
Kenya;2003;94;Kenya;2003;59,12819869
Kenya;2004;94;Kenya;2004;60,9928225
Kenya;2005;94;Kenya;2005;62,89574446
Kenya;2006;94;Kenya;2006;64,84170503
Kenya;2007;94;Kenya;2007;66,83126999
Kenya;2008;94;Kenya;2008;68,88700671
Kenya;2009;94;Kenya;2009;70,99991391
Kenya;2010;94;Kenya;2010;73,09021858
Kenya;2011;94;Kenya;2011;75,12819517
Kenya;2012;94;Kenya;2012;77,11336929
Kenya;2013;94;Kenya;2013;79,04345328
Kenya;2014;94;Kenya;2014;80,91408089
Kenya;2015;94;Kenya;2015;82,45290087
Kenya;2016;94;Kenya;2016;84,00577714
Kenya;2017;94;Kenya;2017;85,56011945
Kenya;2018;94;Kenya;2018;87,01944939
Kenya;2019;94;Kenya;2019;88,4453895
Kenya;2020;94;Kenya;2020;89,89406867
Kiribati;2000;147;Kiribati;2000;109,3987654
Kiribati;2001;147;Kiribati;2001;111,5246914
Kiribati;2002;147;Kiribati;2002;113,9061728
Kiribati;2003;147;Kiribati;2003;116,2654321
Kiribati;2004;147;Kiribati;2004;118,6234568
Kiribati;2005;147;Kiribati;2005;121,0308642
Kiribati;2006;147;Kiribati;2006;123,4777778
Kiribati;2007;147;Kiribati;2007;126,0098765
Kiribati;2008;147;Kiribati;2008;128,6691358
Kiribati;2009;147;Kiribati;2009;131,4407407
Kiribati;2010;147;Kiribati;2010;134,2024691
Kiribati;2011;147;Kiribati;2011;136,6012346
Kiribati;2012;147;Kiribati;2012;138,6222222
Kiribati;2013;147;Kiribati;2013;140,5407407
Kiribati;2014;147;Kiribati;2014;142,3777778
Kiribati;2015;147;Kiribati;2015;144,2160494
Kiribati;2016;147;Kiribati;2016;146,2691358
Kiribati;2017;147;Kiribati;2017;148,4876543
Kiribati;2018;147;Kiribati;2018;150,7209877
Kiribati;2019;147;Kiribati;2019;152,9888889
Kiribati;2020;147;Kiribati;2020;155,6777778
Kuwait;2000;240;Kuwait;2000;109,6918631
Kuwait;2001;240;Kuwait;2001;112,6891695
Kuwait;2002;240;Kuwait;2002;115,5989899
Kuwait;2003;240;Kuwait;2003;118,3996072
Kuwait;2004;240;Kuwait;2004;121,0617284
Kuwait;2005;240;Kuwait;2005;125,5212121
Kuwait;2006;240;Kuwait;2006;132,7010662
Kuwait;2007;240;Kuwait;2007;140,7343996
Kuwait;2008;240;Kuwait;2008;148,7890572
Kuwait;2009;240;Kuwait;2009;156,8734007
Kuwait;2010;240;Kuwait;2010;165,1723906
Kuwait;2011;240;Kuwait;2011;175,8032548
Kuwait;2012;240;Kuwait;2012;187,2676207
Kuwait;2013;240;Kuwait;2013;196,8487093
Kuwait;2014;240;Kuwait;2014;205,7169473
Kuwait;2015;240;Kuwait;2015;215,1837262
Kuwait;2016;240;Kuwait;2016;224,6967452
Kuwait;2017;240;Kuwait;2017;233,1544332
Kuwait;2018;240;Kuwait;2018;242,6214927
Kuwait;2019;240;Kuwait;2019;249,2882155
Kuwait;2020;240;Kuwait;2020;246,9285634
Kyrgyzstan;2000;34;Kyrgyz Republic;2000;25,53890511
Kyrgyzstan;2001;34;Kyrgyz Republic;2001;25,78244526
Kyrgyzstan;2002;34;Kyrgyz Republic;2002;26,02035454
Kyrgyzstan;2003;34;Kyrgyz Republic;2003;26,2946194
Kyrgyzstan;2004;34;Kyrgyz Republic;2004;26,61477059
Kyrgyzstan;2005;34;Kyrgyz Republic;2005;26,91678832
Kyrgyzstan;2006;34;Kyrgyz Republic;2006;27,20736705
Kyrgyzstan;2007;34;Kyrgyz Republic;2007;27,46811783
Kyrgyzstan;2008;34;Kyrgyz Republic;2008;27,73059958
Kyrgyzstan;2009;34;Kyrgyz Republic;2009;28,10032847
Kyrgyzstan;2010;34;Kyrgyz Republic;2010;28,50395725
Kyrgyzstan;2011;34;Kyrgyz Republic;2011;28,9185975
Kyrgyzstan;2012;34;Kyrgyz Republic;2012;29,46859228
Kyrgyzstan;2013;34;Kyrgyz Republic;2013;30,12069864
Kyrgyzstan;2014;34;Kyrgyz Republic;2014;30,79169969
Kyrgyzstan;2015;34;Kyrgyz Republic;2015;31,4913243
Kyrgyzstan;2016;34;Kyrgyz Republic;2016;32,19675704
Kyrgyzstan;2017;34;Kyrgyz Republic;2017;32,88162669
Kyrgyzstan;2018;34;Kyrgyz Republic;2018;33,59790928
Kyrgyzstan;2019;34;Kyrgyz Republic;2019;34,35980709
Kyrgyzstan;2020;34;Kyrgyz Republic;2020;35,07088634
Latvia;2000;30;Latvia;2000;38,04698925
Latvia;2001;30;Latvia;2001;37,55877674
Latvia;2002;30;Latvia;2002;37,12492969
Latvia;2003;30;Latvia;2003;36,76788211
Latvia;2004;30;Latvia;2004;36,36881097
Latvia;2005;30;Latvia;2005;35,97793562
Latvia;2006;30;Latvia;2006;35,6494287
Latvia;2007;30;Latvia;2007;35,35965096
Latvia;2008;30;Latvia;2008;34,98998827
Latvia;2009;30;Latvia;2009;34,41703762
Latvia;2010;30;Latvia;2010;33,70811706
Latvia;2011;30;Latvia;2011;33,09992447
Latvia;2012;30;Latvia;2012;32,69190223
Latvia;2013;30;Latvia;2013;32,34362897
Latvia;2014;30;Latvia;2014;32,04046475
Latvia;2015;30;Latvia;2015;31,77924374
Latvia;2016;30;Latvia;2016;31,49014094
Latvia;2017;30;Latvia;2017;31,21230334
Latvia;2018;30;Latvia;2018;30,97006123
Latvia;2019;30;Latvia;2019;30,75549199
Latvia;2020;30;Latvia;2020;30,53911297
Lebanon;2000;667;Lebanon;2000;423,200391
Lebanon;2001;667;Lebanon;2001;430,2950147
Lebanon;2002;667;Lebanon;2002;436,3151515
Lebanon;2003;667;Lebanon;2003;442,3761486
Lebanon;2004;667;Lebanon;2004;449,58739
Lebanon;2005;667;Lebanon;2005;456,6082111
Lebanon;2006;667;Lebanon;2006;464,4316716
Lebanon;2007;667;Lebanon;2007;473,5208211
Lebanon;2008;667;Lebanon;2008;481,4617791
Lebanon;2009;667;Lebanon;2009;488,0045943
Lebanon;2010;667;Lebanon;2010;492,7945259
Lebanon;2011;667;Lebanon;2011;498,1446725
Lebanon;2012;667;Lebanon;2012;511,802737
Lebanon;2013;667;Lebanon;2013;561,430694
Lebanon;2014;667;Lebanon;2014;620,42913
Lebanon;2015;667;Lebanon;2015;632,6949169
Lebanon;2016;667;Lebanon;2016;618,0899316
Lebanon;2017;667;Lebanon;2017;602,1630499
Lebanon;2018;667;Lebanon;2018;584,957869
Lebanon;2019;667;Lebanon;2019;566,4314761
Lebanon;2020;667;Lebanon;2020;557,4191593
Lesotho;2000;71;Lesotho;2000;66,00503953
Lesotho;2001;71;Lesotho;2001;65,90424901
Lesotho;2002;71;Lesotho;2002;65,70088933
Lesotho;2003;71;Lesotho;2003;65,38402503
Lesotho;2004;71;Lesotho;2004;64,92519763
Lesotho;2005;71;Lesotho;2005;64,33056653
Lesotho;2006;71;Lesotho;2006;64,06663373
Lesotho;2007;71;Lesotho;2007;64,33689065
Lesotho;2008;71;Lesotho;2008;64,77407773
Lesotho;2009;71;Lesotho;2009;65,24647563
Lesotho;2010;71;Lesotho;2010;65,75266798
Lesotho;2011;71;Lesotho;2011;66,33758235
Lesotho;2012;71;Lesotho;2012;67,00770751
Lesotho;2013;71;Lesotho;2013;67,7372859
Lesotho;2014;71;Lesotho;2014;68,51413043
Lesotho;2015;71;Lesotho;2015;69,32183794
Lesotho;2016;71;Lesotho;2016;70,17200264
Lesotho;2017;71;Lesotho;2017;71,05105402
Lesotho;2018;71;Lesotho;2018;71,92368248
Lesotho;2019;71;Lesotho;2019;72,77355072
Lesotho;2020;71;Lesotho;2020;73,64054677
Liberia;2000;53;Liberia;2000;30,3998858
Liberia;2001;53;Liberia;2001;31,30541944
Liberia;2002;53;Liberia;2002;32,13021179
Liberia;2003;53;Liberia;2003;32,38716777
Liberia;2004;53;Liberia;2004;32,77504153
Liberia;2005;53;Liberia;2005;34,27133513
Liberia;2006;53;Liberia;2006;36,24155939
Liberia;2007;53;Liberia;2007;38,09229651
Liberia;2008;53;Liberia;2008;39,66988164
Liberia;2009;53;Liberia;2009;40,93675249
Liberia;2010;53;Liberia;2010;42,1396387
Liberia;2011;53;Liberia;2011;43,82452243
Liberia;2012;53;Liberia;2012;45,40119394
Liberia;2013;53;Liberia;2013;46,41028862
Liberia;2014;53;Liberia;2014;47,38676287
Liberia;2015;53;Liberia;2015;48,37449128
Liberia;2016;53;Liberia;2016;49,37300664
Liberia;2017;53;Liberia;2017;50,34182932
Liberia;2018;53;Liberia;2018;51,33644103
Liberia;2019;53;Liberia;2019;52,36421304
Liberia;2020;53;Liberia;2020;53,46203281
Libya;2000;4;Libya;2000;3,01500449
Libya;2001;4;Libya;2001;3,071052093
Libya;2002;4;Libya;2002;3,130596633
Libya;2003;4;Libya;2003;3,193674483
Libya;2004;4;Libya;2004;3,260336793
Libya;2005;4;Libya;2005;3,329732771
Libya;2006;4;Libya;2006;3,398735465
Libya;2007;4;Libya;2007;3,469304477
Libya;2008;4;Libya;2008;3,543784171
Libya;2009;4;Libya;2009;3,61838094
Libya;2010;4;Libya;2010;3,692919172
Libya;2011;4;Libya;2011;3,605034839
Libya;2012;4;Libya;2012;3,511899701
Libya;2013;4;Libya;2013;3,583111495
Libya;2014;4;Libya;2014;3,652802437
Libya;2015;4;Libya;2015;3,712231038
Libya;2016;4;Libya;2016;3,769238551
Libya;2017;4;Libya;2017;3,829847574
Libya;2018;4;Libya;2018;3,892525887
Libya;2019;4;Libya;2019;3,950483081
Libya;2020;4;Libya;2020;4,004114143
Lithuania;2000;43;Lithuania;2000;55,83178047
Lithuania;2001;43;Lithuania;2001;55,373612
Lithuania;2002;43;Lithuania;2002;54,93087109
Lithuania;2003;43;Lithuania;2003;54,48648692
Lithuania;2004;43;Lithuania;2004;53,87803127
Lithuania;2005;43;Lithuania;2005;53,00778558
Lithuania;2006;43;Lithuania;2006;52,1682993
Lithuania;2007;43;Lithuania;2007;51,55223357
Lithuania;2008;43;Lithuania;2008;51,02881532
Lithuania;2009;43;Lithuania;2009;50,46535301
Lithuania;2010;43;Lithuania;2010;49,4181412
Lithuania;2011;43;Lithuania;2011;48,31533012
Lithuania;2012;43;Lithuania;2012;47,69344545
Lithuania;2013;43;Lithuania;2013;47,24770642
Lithuania;2014;43;Lithuania;2014;46,88352753
Lithuania;2015;43;Lithuania;2015;46,46622506
Lithuania;2016;43;Lithuania;2016;45,93284059
Lithuania;2017;43;Lithuania;2017;45,37984707
Lithuania;2018;43;Lithuania;2018;45,01357177
Lithuania;2019;43;Lithuania;2019;44,89123283
Lithuania;2020;43;Lithuania;2020;44,87973491
Luxembourg;2000;242;Luxembourg;2000;169,4724331
Luxembourg;2001;242;Luxembourg;2001;171,5019849
Luxembourg;2002;242;Luxembourg;2002;173,3081889
Luxembourg;2003;242;Luxembourg;2003;175,4270799
Luxembourg;2004;242;Luxembourg;2004;177,9382861
Luxembourg;2005;242;Luxembourg;2005;180,681774
Luxembourg;2006;242;Luxembourg;2006;183,5868493
Luxembourg;2007;242;Luxembourg;2007;186,4441475
Luxembourg;2008;242;Luxembourg;2008;189,8067944
Luxembourg;2009;242;Luxembourg;2009;193,3543345
Luxembourg;2010;242;Luxembourg;2010;196,9162465
Luxembourg;2011;242;Luxembourg;2011;201,342029
Luxembourg;2012;242;Luxembourg;2012;206,2358708
Luxembourg;2013;242;Luxembourg;2013;211,0578529
Luxembourg;2014;242;Luxembourg;2014;216,0915299
Luxembourg;2015;242;Luxembourg;2015;221,2518353
Luxembourg;2016;242;Luxembourg;2016;226,0722637
Luxembourg;2017;242;Luxembourg;2017;231,6353721
Luxembourg;2018;242;Luxembourg;2018;236,1466094
Luxembourg;2019;242;Luxembourg;2019;240,827591
Luxembourg;2020;242;Luxembourg;2020;244,8742649
Madagascar;2000;48;Madagascar;2000;28,40103518
Madagascar;2001;48;Madagascar;2001;29,28936789
Madagascar;2002;48;Madagascar;2002;30,17834199
Madagascar;2003;48;Madagascar;2003;31,07585721
Madagascar;2004;48;Madagascar;2004;31,9954053
Madagascar;2005;48;Madagascar;2005;32,94649895
Madagascar;2006;48;Madagascar;2006;33,92872201
Madagascar;2007;48;Madagascar;2007;34,93926987
Madagascar;2008;48;Madagascar;2008;35,98005296
Madagascar;2009;48;Madagascar;2009;37,05210304
Madagascar;2010;48;Madagascar;2010;38,14585411
Madagascar;2011;48;Madagascar;2011;39,22739109
Madagascar;2012;48;Madagascar;2012;40,32767212
Madagascar;2013;48;Madagascar;2013;41,43913716
Madagascar;2014;48;Madagascar;2014;42,56505328
Madagascar;2015;48;Madagascar;2015;43,7035098
Madagascar;2016;48;Madagascar;2016;44,8606944
Madagascar;2017;48;Madagascar;2017;46,0439584
Madagascar;2018;48;Madagascar;2018;47,25838089
Madagascar;2019;48;Madagascar;2019;48,50387418
Madagascar;2020;48;Madagascar;2020;49,76547955
Malawi;2000;203;Malawi;2000;120,0248409
Malawi;2001;203;Malawi;2001;122,9641281
Malawi;2002;203;Malawi;2002;126,0123038
Malawi;2003;203;Malawi;2003;129,2063428
Malawi;2004;203;Malawi;2004;132,5916101
Malawi;2005;203;Malawi;2005;136,1904009
Malawi;2006;203;Malawi;2006;139,9947073
Malawi;2007;203;Malawi;2007;144,000244
Malawi;2008;203;Malawi;2008;148,2437102
Malawi;2009;203;Malawi;2009;152,6918541
Malawi;2010;203;Malawi;2010;157,2598961
Malawi;2011;203;Malawi;2011;161,9115613
Malawi;2012;203;Malawi;2012;166,6268244
Malawi;2013;203;Malawi;2013;171,4235893
Malawi;2014;203;Malawi;2014;176,2997242
Malawi;2015;203;Malawi;2015;181,2217543
Malawi;2016;203;Malawi;2016;186,2297306
Malawi;2017;203;Malawi;2017;191,3419071
Malawi;2018;203;Malawi;2018;196,5218604
Malawi;2019;203;Malawi;2019;201,8005091
Malawi;2020;203;Malawi;2020;207,190157
Malaysia;2000;99;Malaysia;2000;69,90660782
Malaysia;2001;99;Malaysia;2001;71,60717699
Malaysia;2002;99;Malaysia;2002;73,36014914
Malaysia;2003;99;Malaysia;2003;75,11673109
Malaysia;2004;99;Malaysia;2004;76,87345001
Malaysia;2005;99;Malaysia;2005;78,63664891
Malaysia;2006;99;Malaysia;2006;80,40757571
Malaysia;2007;99;Malaysia;2007;82,1743692
Malaysia;2008;99;Malaysia;2008;83,91434789
Malaysia;2009;99;Malaysia;2009;85,60273322
Malaysia;2010;99;Malaysia;2010;87,21891949
Malaysia;2011;99;Malaysia;2011;88,75982042
Malaysia;2012;99;Malaysia;2012;90,2840694
Malaysia;2013;99;Malaysia;2013;91,84070918
Malaysia;2014;99;Malaysia;2014;93,42911886
Malaysia;2015;99;Malaysia;2015;95,06254147
Malaysia;2016;99;Malaysia;2016;96,75752549
Malaysia;2017;99;Malaysia;2017;98,48012175
Malaysia;2018;99;Malaysia;2018;100,1703455
Malaysia;2019;99;Malaysia;2019;101,7823649
Malaysia;2020;99;Malaysia;2020;103,1488601
Maldives;2000;"""1";Maldives;2000;940,0633333
Maldives;2001;"""1";Maldives;2001;955,89
Maldives;2002;"""1";Maldives;2002;972,0533333
Maldives;2003;"""1";Maldives;2003;988,3033333
Maldives;2004;"""1";Maldives;2004;1004,71
Maldives;2005;"""1";Maldives;2005;1021,43
Maldives;2006;"""1";Maldives;2006;1046,17
Maldives;2007;"""1";Maldives;2007;1081,596667
Maldives;2008;"""1";Maldives;2008;1120,566667
Maldives;2009;"""1";Maldives;2009;1160,916667
Maldives;2010;"""1";Maldives;2010;1202,64
Maldives;2011;"""1";Maldives;2011;1245,58
Maldives;2012;"""1";Maldives;2012;1289,393333
Maldives;2013;"""1";Maldives;2013;1333,566667
Maldives;2014;"""1";Maldives;2014;1378,723333
Maldives;2015;"""1";Maldives;2015;1427,18
Maldives;2016;"""1";Maldives;2016;1477,693333
Maldives;2017;"""1";Maldives;2017;1527,623333
Maldives;2018;"""1";Maldives;2018;1576,996667
Maldives;2019;"""1";Maldives;2019;1625,77
Maldives;2020;"""1";Maldives;2020;1673,726667
Mali;2000;17;Mali;2000;9,473352511
Mali;2001;17;Mali;2001;9,762543538
Mali;2002;17;Mali;2002;10,07060376
Mali;2003;17;Mali;2003;10,39588507
Mali;2004;17;Mali;2004;10,7380072
Mali;2005;17;Mali;2005;11,09552365
Mali;2006;17;Mali;2006;11,46554143
Mali;2007;17;Mali;2007;11,84878994
Mali;2008;17;Mali;2008;12,24463567
Mali;2009;17;Mali;2009;12,65011105
Mali;2010;17;Mali;2010;13,06779928
Mali;2011;17;Mali;2011;13,49711848
Mali;2012;17;Mali;2012;13,89704308
Mali;2013;17;Mali;2013;14,3089314
Mali;2014;17;Mali;2014;14,76841066
Mali;2015;17;Mali;2015;15,23780887
Mali;2016;17;Mali;2016;15,72811529
Mali;2017;17;Mali;2017;16,23764414
Mali;2018;17;Mali;2018;16,7531532
Mali;2019;17;Mali;2019;17,26649538
Mali;2020;17;Mali;2020;17,79545481
Malta;2000;"""1";Malta;2000;1219,021875
Malta;2001;"""1";Malta;2001;1228,2125
Malta;2002;"""1";Malta;2002;1237,403125
Malta;2003;"""1";Malta;2003;1245,56875
Malta;2004;"""1";Malta;2004;1253,9625
Malta;2005;"""1";Malta;2005;1261,98125
Malta;2006;"""1";Malta;2006;1266,5875
Malta;2007;"""1";Malta;2007;1271,0125
Malta;2008;"""1";Malta;2008;1279,309375
Malta;2009;"""1";Malta;2009;1288,990625
Malta;2010;"""1";Malta;2010;1295,3375
Malta;2011;"""1";Malta;2011;1300,8375
Malta;2012;"""1";Malta;2012;1312,5875
Malta;2013;"""1";Malta;2013;1327,53125
Malta;2014;"""1";Malta;2014;1354,628125
Malta;2015;"""1";Malta;2015;1388,1875
Malta;2016;"""1";Malta;2016;1420,328125
Malta;2017;"""1";Malta;2017;1459,70625
Malta;2018;"""1";Malta;2018;1512,196875
Malta;2019;"""1";Malta;2019;1574,725
Malta;2020;"""1";Malta;2020;1610,90625
Mauritania;2000;5;Mauritania;2000;2,535598137
Mauritania;2001;5;Mauritania;2001;2,598971573
Mauritania;2002;5;Mauritania;2002;2,657082565
Mauritania;2003;5;Mauritania;2003;2,718585427
Mauritania;2004;5;Mauritania;2004;2,783219171
Mauritania;2005;5;Mauritania;2005;2,851517415
Mauritania;2006;5;Mauritania;2006;2,923896381
Mauritania;2007;5;Mauritania;2007;3,000930436
Mauritania;2008;5;Mauritania;2008;3,088453478
Mauritania;2009;5;Mauritania;2009;3,186618803
Mauritania;2010;5;Mauritania;2010;3,289963132
Mauritania;2011;5;Mauritania;2011;3,398477734
Mauritania;2012;5;Mauritania;2012;3,511238964
Mauritania;2013;5;Mauritania;2013;3,623089163
Mauritania;2014;5;Mauritania;2014;3,733883768
Mauritania;2015;5;Mauritania;2015;3,847830601
Mauritania;2016;5;Mauritania;2016;3,96493354
Mauritania;2017;5;Mauritania;2017;4,085184826
Mauritania;2018;5;Mauritania;2018;4,208484525
Mauritania;2019;5;Mauritania;2019;4,334634714
Mauritania;2020;5;Mauritania;2020;4,463113418
Mauritius;2000;626;Mauritius;2000;584,6665025
Mauritius;2001;626;Mauritius;2001;589,3039409
Mauritius;2002;626;Mauritius;2002;593,4093596
Mauritius;2003;626;Mauritius;2003;597,7192118
Mauritius;2004;626;Mauritius;2004;601,4793103
Mauritius;2005;626;Mauritius;2005;605,0512315
Mauritius;2006;626;Mauritius;2006;607,879803
Mauritius;2007;626;Mauritius;2007;610,6551724
Mauritius;2008;626;Mauritius;2008;612,8674877
Mauritius;2009;626;Mauritius;2009;614,4970443
Mauritius;2010;626;Mauritius;2010;615,9605911
Mauritius;2011;626;Mauritius;2011;627,1427141
Mauritius;2012;626;Mauritius;2012;628,8843265
Mauritius;2013;626;Mauritius;2013;630,4091137
Mauritius;2014;626;Mauritius;2014;631,551327
Mauritius;2015;626;Mauritius;2015;632,3880821
Mauritius;2016;626;Mauritius;2016;632,8227341
Mauritius;2017;626;Mauritius;2017;633,3935904
Mauritius;2018;626;Mauritius;2018;633,7391087
Mauritius;2019;626;Mauritius;2019;633,9434151
Mauritius;2020;626;Mauritius;2020;633,9579369
Mexico;2000;66;Mexico;2000;50,73461354
Mexico;2001;66;Mexico;2001;51,49263047
Mexico;2002;66;Mexico;2002;52,23829008
Mexico;2003;66;Mexico;2003;52,97384964
Mexico;2004;66;Mexico;2004;53,7020659
Mexico;2005;66;Mexico;2005;54,43118599
Mexico;2006;66;Mexico;2006;55,17305795
Mexico;2007;66;Mexico;2007;55,95532807
Mexico;2008;66;Mexico;2008;56,77835747
Mexico;2009;66;Mexico;2009;57,61450706
Mexico;2010;66;Mexico;2010;58,450009
Mexico;2011;66;Mexico;2011;59,28316263
Mexico;2012;66;Mexico;2012;60,09321639
Mexico;2013;66;Mexico;2013;60,87788935
Mexico;2014;66;Mexico;2014;61,61900306
Mexico;2015;66;Mexico;2015;62,28159469
Mexico;2016;66;Mexico;2016;62,88811492
Mexico;2017;66;Mexico;2017;63,47902827
Mexico;2018;66;Mexico;2018;64,08277528
Mexico;2019;66;Mexico;2019;64,69455593
Mexico;2020;66;Mexico;2020;65,22752849
Mongolia;2000;2;Mongolia;2000;1,543388397
Mongolia;2001;2;Mongolia;2001;1,562421138
Mongolia;2002;2;Mongolia;2002;1,582632369
Mongolia;2003;2;Mongolia;2003;1,595417922
Mongolia;2004;2;Mongolia;2004;1,613703658
Mongolia;2005;2;Mongolia;2005;1,631713237
Mongolia;2006;2;Mongolia;2006;1,64830525
Mongolia;2007;2;Mongolia;2007;1,670573572
Mongolia;2008;2;Mongolia;2008;1,697117336
Mongolia;2009;2;Mongolia;2009;1,727881377
Mongolia;2010;2;Mongolia;2010;1,758579165
Mongolia;2011;2;Mongolia;2011;1,789252539
Mongolia;2012;2;Mongolia;2012;1,823536009
Mongolia;2013;2;Mongolia;2013;1,861618441
Mongolia;2014;2;Mongolia;2014;1,902782111
Mongolia;2015;2;Mongolia;2015;1,943717132
Mongolia;2016;2;Mongolia;2016;1,983525631
Mongolia;2017;2;Mongolia;2017;2,022094128
Mongolia;2018;2;Mongolia;2018;2,060156493
Mongolia;2019;2;Mongolia;2019;2,098350434
Mongolia;2020;2;Mongolia;2020;2,136237218
Montenegro;2007;47;Montenegro;2007;45,78996283
Montenegro;2008;47;Montenegro;2008;45,87130112
Montenegro;2009;47;Montenegro;2009;45,96981413
Montenegro;2010;47;Montenegro;2010;46,05412639
Montenegro;2011;47;Montenegro;2011;46,12230483
Montenegro;2012;47;Montenegro;2012;46,20208178
Montenegro;2013;47;Montenegro;2013;46,28899628
Montenegro;2014;47;Montenegro;2014;46,37501859
Montenegro;2015;47;Montenegro;2015;46,44245353
Montenegro;2016;47;Montenegro;2016;46,49464684
Montenegro;2017;47;Montenegro;2017;46,54141264
Montenegro;2018;47;Montenegro;2018;46,57531599
Montenegro;2019;47;Montenegro;2019;46,59873606
Montenegro;2020;47;Montenegro;2020;46,5866171
Morocco;2000;83;Morocco;2000;63,68683621
Morocco;2001;83;Morocco;2001;64,56339458
Morocco;2002;83;Morocco;2002;65,42267981
Morocco;2003;83;Morocco;2003;66,25905221
Morocco;2004;83;Morocco;2004;67,11408918
Morocco;2005;83;Morocco;2005;68,02183285
Morocco;2006;83;Morocco;2006;68,94729554
Morocco;2007;83;Morocco;2007;69,87781313
Morocco;2008;83;Morocco;2008;70,81955411
Morocco;2009;83;Morocco;2009;71,76961237
Morocco;2010;83;Morocco;2010;72,747067
Morocco;2011;83;Morocco;2011;73,74543581
Morocco;2012;83;Morocco;2012;74,73726417
Morocco;2013;83;Morocco;2013;75,70596236
Morocco;2014;83;Morocco;2014;76,64077974
Morocco;2015;83;Morocco;2015;77,5433296
Morocco;2016;83;Morocco;2016;78,47514452
Morocco;2017;83;Morocco;2017;79,42279184
Morocco;2018;83;Morocco;2018;80,30419001
Morocco;2019;83;Morocco;2019;81,13577862
Morocco;2020;83;Morocco;2020;81,97223392
Mozambique;2000;40;Mozambique;2000;23,05457031
Mozambique;2001;40;Mozambique;2001;23,57350009
Mozambique;2002;40;Mozambique;2002;24,10836746
Mozambique;2003;40;Mozambique;2003;24,6604377
Mozambique;2004;40;Mozambique;2004;25,22993082
Mozambique;2005;40;Mozambique;2005;25,82030189
Mozambique;2006;40;Mozambique;2006;26,43389583
Mozambique;2007;40;Mozambique;2007;27,07041761
Mozambique;2008;40;Mozambique;2008;27,74617361
Mozambique;2009;40;Mozambique;2009;28,47445891
Mozambique;2010;40;Mozambique;2010;29,24697347
Mozambique;2011;40;Mozambique;2011;30,07329663
Mozambique;2012;40;Mozambique;2012;30,94921794
Mozambique;2013;40;Mozambique;2013;31,85687708
Mozambique;2014;40;Mozambique;2014;32,79391007
Mozambique;2015;40;Mozambique;2015;33,75921565
Mozambique;2016;40;Mozambique;2016;34,76322516
Mozambique;2017;40;Mozambique;2017;35,81778911
Mozambique;2018;40;Mozambique;2018;36,90155396
Mozambique;2019;40;Mozambique;2019;38,002467
Mozambique;2020;40;Mozambique;2020;39,14607187
Myanmar;2000;83;Myanmar;2000;69,30079414
Myanmar;2001;83;Myanmar;2001;70,03571166
Myanmar;2002;83;Myanmar;2002;70,74188726
Myanmar;2003;83;Myanmar;2003;71,40678765
Myanmar;2004;83;Myanmar;2004;72,03448318
Myanmar;2005;83;Myanmar;2005;72,6067788
Myanmar;2006;83;Myanmar;2006;73,12521615
Myanmar;2007;83;Myanmar;2007;73,63974018
Myanmar;2008;83;Myanmar;2008;74,07018567
Myanmar;2009;83;Myanmar;2009;74,4840946
Myanmar;2010;83;Myanmar;2010;75,04574289
Myanmar;2011;83;Myanmar;2011;75,64759908
Myanmar;2012;83;Myanmar;2012;76,30321672
Myanmar;2013;83;Myanmar;2013;76,96248239
Myanmar;2014;83;Myanmar;2014;77,60402095
Myanmar;2015;83;Myanmar;2015;78,22786795
Myanmar;2016;83;Myanmar;2016;78,88675511
Myanmar;2017;83;Myanmar;2017;79,50201149
Myanmar;2018;83;Myanmar;2018;80,08617588
Myanmar;2019;83;Myanmar;2019;80,6507017
Myanmar;2020;83;Myanmar;2020;81,23021129
Namibia;2000;3;Namibia;2000;2,208999259
Namibia;2001;3;Namibia;2001;2,255642605
Namibia;2002;3;Namibia;2002;2,295630944
Namibia;2003;3;Namibia;2003;2,329026224
Namibia;2004;3;Namibia;2004;2,358928203
Namibia;2005;3;Namibia;2005;2,388686854
Namibia;2006;3;Namibia;2006;2,419424504
Namibia;2007;3;Namibia;2007;2,451869936
Namibia;2008;3;Namibia;2008;2,486433699
Namibia;2009;3;Namibia;2009;2,523283412
Namibia;2010;3;Namibia;2010;2,562658359
Namibia;2011;3;Namibia;2011;2,607009681
Namibia;2012;3;Namibia;2012;2,665711961
Namibia;2013;3;Namibia;2013;2,735983675
Namibia;2014;3;Namibia;2014;2,808413803
Namibia;2015;3;Namibia;2015;2,883916967
Namibia;2016;3;Namibia;2016;2,962762817
Namibia;2017;3;Namibia;2017;3,044920988
Namibia;2018;3;Namibia;2018;3,130521444
Namibia;2019;3;Namibia;2019;3,219392924
Namibia;2020;3;Namibia;2020;3,314460275
Nauru;2000;541;Naoero;2000;508,4
Nauru;2001;541;Naoero;2001;506,5
Nauru;2002;541;Naoero;2002;504,1
Nauru;2003;541;Naoero;2003;502,95
Nauru;2004;541;Naoero;2004;503
Nauru;2005;541;Naoero;2005;502,45
Nauru;2006;541;Naoero;2006;501,7
Nauru;2007;541;Naoero;2007;501
Nauru;2008;541;Naoero;2008;500,45
Nauru;2009;541;Naoero;2009;500,8
Nauru;2010;541;Naoero;2010;502,15
Nauru;2011;541;Naoero;2011;504,9
Nauru;2012;541;Naoero;2012;513,35
Nauru;2013;541;Naoero;2013;525,85
Nauru;2014;541;Naoero;2014;537,1
Nauru;2015;541;Naoero;2015;547,7
Nauru;2016;541;Naoero;2016;557,5
Nauru;2017;541;Naoero;2017;566,2
Nauru;2018;541;Naoero;2018;573,85
Nauru;2019;541;Naoero;2019;579,35
Nauru;2020;541;Naoero;2020;582,15
Nepal;2000;203;Nepal;2000;171,2348029
Nepal;2001;203;Nepal;2001;174,0268434
Nepal;2002;203;Nepal;2002;176,6932752
Nepal;2003;203;Nepal;2003;179,2030555
Nepal;2004;203;Nepal;2004;181,4904499
Nepal;2005;203;Nepal;2005;183,5330171
Nepal;2006;203;Nepal;2006;185,3186257
Nepal;2007;203;Nepal;2007;186,8747262
Nepal;2008;203;Nepal;2008;188,2806906
Nepal;2009;203;Nepal;2009;189,5572724
Nepal;2010;203;Nepal;2010;190,7356261
Nepal;2011;203;Nepal;2011;191,5904709
Nepal;2012;203;Nepal;2012;192,0817231
Nepal;2013;203;Nepal;2013;192,4659644
Nepal;2014;203;Nepal;2014;193,0405999
Nepal;2015;203;Nepal;2015;194,0957726
Nepal;2016;203;Nepal;2016;195,0154308
Nepal;2017;203;Nepal;2017;195,4046599
Nepal;2018;203;Nepal;2018;195,88203
Nepal;2019;203;Nepal;2019;198,2146076
Nepal;2020;203;Nepal;2020;202,0688804
Netherlands;2000;508;Netherlands;2000;471,7272808
Netherlands;2001;508;Netherlands;2001;475,3015403
Netherlands;2002;508;Netherlands;2002;478,3450533
Netherlands;2003;508;Netherlands;2003;480,6072867
Netherlands;2004;508;Netherlands;2004;482,2801836
Netherlands;2005;508;Netherlands;2005;483,4084123
Netherlands;2006;508;Netherlands;2006;484,1854562
Netherlands;2007;508;Netherlands;2007;485,2398104
Netherlands;2008;508;Netherlands;2008;487,1324941
Netherlands;2009;508;Netherlands;2009;490,0796917
Netherlands;2010;508;Netherlands;2010;492,5998814
Netherlands;2011;508;Netherlands;2011;495,0496441
Netherlands;2012;508;Netherlands;2012;496,8849941
Netherlands;2013;508;Netherlands;2013;498,7958445
Netherlands;2014;508;Netherlands;2014;500,5938854
Netherlands;2015;508;Netherlands;2015;503,1162162
Netherlands;2016;508;Netherlands;2016;505,8008316
Netherlands;2017;508;Netherlands;2017;508,8
Netherlands;2018;508;Netherlands;2018;511,7797446
Netherlands;2019;508;Netherlands;2019;515,1432729
Netherlands;2020;508;Netherlands;2020;518,013068
New Caledonia;2000;16;New Caledonia;2000;12,20448578
New Caledonia;2001;16;New Caledonia;2001;12,45661926
New Caledonia;2002;16;New Caledonia;2002;12,70437637
New Caledonia;2003;16;New Caledonia;2003;12,94737418
New Caledonia;2004;16;New Caledonia;2004;13,17571116
New Caledonia;2005;16;New Caledonia;2005;13,36876368
New Caledonia;2006;16;New Caledonia;2006;13,54195842
New Caledonia;2007;16;New Caledonia;2007;13,71580963
New Caledonia;2008;16;New Caledonia;2008;13,88539387
New Caledonia;2009;16;New Caledonia;2009;14,07275711
New Caledonia;2010;16;New Caledonia;2010;14,30973742
New Caledonia;2011;16;New Caledonia;2011;14,58112691
New Caledonia;2012;16;New Caledonia;2012;14,8595733
New Caledonia;2013;16;New Caledonia;2013;15,14343545
New Caledonia;2014;16;New Caledonia;2014;15,38424508
New Caledonia;2015;16;New Caledonia;2015;15,49059081
New Caledonia;2016;16;New Caledonia;2016;15,50454048
New Caledonia;2017;16;New Caledonia;2017;15,51126915
New Caledonia;2018;16;New Caledonia;2018;15,51099562
New Caledonia;2019;16;New Caledonia;2019;15,51455142
New Caledonia;2020;16;New Caledonia;2020;15,54573304
New Zealand;2000;18;New Zealand;2000;14,65079184
New Zealand;2001;18;New Zealand;2001;14,73738179
New Zealand;2002;18;New Zealand;2002;14,99563252
New Zealand;2003;18;New Zealand;2003;15,29451977
New Zealand;2004;18;New Zealand;2004;15,5235274
New Zealand;2005;18;New Zealand;2005;15,69974555
New Zealand;2006;18;New Zealand;2006;15,89229425
New Zealand;2007;18;New Zealand;2007;16,0411682
New Zealand;2008;18;New Zealand;2008;16,17788918
New Zealand;2009;18;New Zealand;2009;16,34043523
New Zealand;2010;18;New Zealand;2010;16,52310964
New Zealand;2011;18;New Zealand;2011;16,64957654
New Zealand;2012;18;New Zealand;2012;16,74110364
New Zealand;2013;18;New Zealand;2013;16,87022901
New Zealand;2014;18;New Zealand;2014;17,15278569
New Zealand;2015;18;New Zealand;2015;17,50560176
New Zealand;2016;18;New Zealand;2016;17,90323193
New Zealand;2017;18;New Zealand;2017;18,28111352
New Zealand;2018;18;New Zealand;2018;18,61152254
New Zealand;2019;18;New Zealand;2019;18,87622954
New Zealand;2020;18;New Zealand;2020;19,26398542
Nicaragua;2000;55;Nicaragua;2000;41,73702011
Nicaragua;2001;55;Nicaragua;2001;42,27875187
Nicaragua;2002;55;Nicaragua;2002;42,79465681
Nicaragua;2003;55;Nicaragua;2003;43,30200266
Nicaragua;2004;55;Nicaragua;2004;43,81678577
Nicaragua;2005;55;Nicaragua;2005;44,391765
Nicaragua;2006;55;Nicaragua;2006;45,0295413
Nicaragua;2007;55;Nicaragua;2007;45,68092903
Nicaragua;2008;55;Nicaragua;2008;46,34031079
Nicaragua;2009;55;Nicaragua;2009;47,00516038
Nicaragua;2010;55;Nicaragua;2010;47,6769985
Nicaragua;2011;55;Nicaragua;2011;48,35508559
Nicaragua;2012;55;Nicaragua;2012;49,03844939
Nicaragua;2013;55;Nicaragua;2013;49,72448895
Nicaragua;2014;55;Nicaragua;2014;50,41126807
Nicaragua;2015;55;Nicaragua;2015;51,10035732
Nicaragua;2016;55;Nicaragua;2016;51,79213894
Nicaragua;2017;55;Nicaragua;2017;52,48654645
Nicaragua;2018;55;Nicaragua;2018;53,18331394
Nicaragua;2019;55;Nicaragua;2019;53,87782117
Nicaragua;2020;55;Nicaragua;2020;54,55598305
Niger;2000;19;Niger;2000;9,086310887
Niger;2001;19;Niger;2001;9,410789453
Niger;2002;19;Niger;2002;9,749067656
Niger;2003;19;Niger;2003;10,10261625
Niger;2004;19;Niger;2004;10,47275282
Niger;2005;19;Niger;2005;10,85986579
Niger;2006;19;Niger;2006;11,26437278
Niger;2007;19;Niger;2007;11,68675298
Niger;2008;19;Niger;2008;12,12750849
Niger;2009;19;Niger;2009;12,58678061
Niger;2010;19;Niger;2010;13,06452593
Niger;2011;19;Niger;2011;13,55986658
Niger;2012;19;Niger;2012;14,08128918
Niger;2013;19;Niger;2013;14,62058735
Niger;2014;19;Niger;2014;15,17005526
Niger;2015;19;Niger;2015;15,7412947
Niger;2016;19;Niger;2016;16,33042788
Niger;2017;19;Niger;2017;16,9222752
Niger;2018;19;Niger;2018;17,51643562
Niger;2019;19;Niger;2019;18,11617352
Niger;2020;19;Niger;2020;18,72393858
Nigeria;2000;226;Nigeria;2000;138,7644455
Nigeria;2001;226;Nigeria;2001;142,5854991
Nigeria;2002;226;Nigeria;2002;146,5485128
Nigeria;2003;226;Nigeria;2003;150,6446677
Nigeria;2004;226;Nigeria;2004;154,8766922
Nigeria;2005;226;Nigeria;2005;159,2248899
Nigeria;2006;226;Nigeria;2006;163,6827454
Nigeria;2007;226;Nigeria;2007;168,2831681
Nigeria;2008;226;Nigeria;2008;173,0349199
Nigeria;2009;226;Nigeria;2009;177,9257815
Nigeria;2010;226;Nigeria;2010;182,9692304
Nigeria;2011;226;Nigeria;2011;188,1700078
Nigeria;2012;226;Nigeria;2012;193,4633607
Nigeria;2013;226;Nigeria;2013;198,7872273
Nigeria;2014;226;Nigeria;2014;204,109616
Nigeria;2015;226;Nigeria;2015;209,3523919
Nigeria;2016;226;Nigeria;2016;214,5917191
Nigeria;2017;226;Nigeria;2017;219,8739298
Nigeria;2018;226;Nigeria;2018;225,0170241
Nigeria;2019;226;Nigeria;2019;230,0093778
Nigeria;2020;226;Nigeria;2020;234,9618246
North Macedonia;2000;83;North Macedonia;2000;79,68344475
North Macedonia;2001;83;North Macedonia;2001;80,01895399
North Macedonia;2002;83;North Macedonia;2002;79,43991349
North Macedonia;2003;83;North Macedonia;2003;79,54089658
North Macedonia;2004;83;North Macedonia;2004;79,28375934
North Macedonia;2005;83;North Macedonia;2005;78,85686197
North Macedonia;2006;83;North Macedonia;2006;78,42261109
North Macedonia;2007;83;North Macedonia;2007;78,59425287
North Macedonia;2008;83;North Macedonia;2008;78,14082442
North Macedonia;2009;83;North Macedonia;2009;77,66780333
North Macedonia;2010;83;North Macedonia;2010;77,17279937
North Macedonia;2011;83;North Macedonia;2011;76,81990484
North Macedonia;2012;83;North Macedonia;2012;76,51946868
North Macedonia;2013;83;North Macedonia;2013;76,23774782
North Macedonia;2014;83;North Macedonia;2014;76,03318795
North Macedonia;2015;83;North Macedonia;2015;75,82989691
North Macedonia;2016;83;North Macedonia;2016;75,58735131
North Macedonia;2017;83;North Macedonia;2017;75,28378271
North Macedonia;2018;83;North Macedonia;2018;74,90289453
North Macedonia;2019;83;North Macedonia;2019;74,39579699
North Macedonia;2020;83;North Macedonia;2020;73,59730373
Norway;2000;15;Norway;2000;12,29579952
Norway;2001;15;Norway;2001;12,35817974
Norway;2002;15;Norway;2002;12,4250063
Norway;2003;15;Norway;2003;12,49809716
Norway;2004;15;Norway;2004;12,57217093
Norway;2005;15;Norway;2005;12,65808884
Norway;2006;15;Norway;2006;12,76044781
Norway;2007;15;Norway;2007;12,89317005
Norway;2008;15;Norway;2008;13,05486743
Norway;2009;15;Norway;2009;13,22054846
Norway;2010;15;Norway;2010;13,38626233
Norway;2011;15;Norway;2011;13,56103865
Norway;2012;15;Norway;2012;13,74032975
Norway;2013;15;Norway;2013;13,91208868
Norway;2014;15;Norway;2014;14,07044491
Norway;2015;15;Norway;2015;14,20793848
Norway;2016;15;Norway;2016;14,33542438
Norway;2017;15;Norway;2017;14,45257626
Norway;2018;15;Norway;2018;14,54888964
Norway;2019;15;Norway;2019;14,6479975
Norway;2020;15;Norway;2020;14,76721523
Oman;2000;16;Oman;2000;7,373605816
Oman;2001;16;Oman;2001;7,464352181
Oman;2002;16;Oman;2002;7,551340872
Oman;2003;16;Oman;2003;7,637466882
Oman;2004;16;Oman;2004;7,770019386
Oman;2005;16;Oman;2005;7,947663974
Oman;2006;16;Oman;2006;8,125347334
Oman;2007;16;Oman;2007;8,304277868
Oman;2008;16;Oman;2008;8,486361874
Oman;2009;16;Oman;2009;8,674180937
Oman;2010;16;Oman;2010;8,909357027
Oman;2011;16;Oman;2011;9,941075929
Oman;2012;16;Oman;2012;11,46076252
Oman;2013;16;Oman;2013;12,38744103
Oman;2014;16;Oman;2014;12,93195153
Oman;2015;16;Oman;2015;13,52147011
Oman;2016;16;Oman;2016;14,18700162
Oman;2017;16;Oman;2017;14,66040711
Oman;2018;16;Oman;2018;14,85582229
Oman;2019;16;Oman;2019;14,83438126
Oman;2020;16;Oman;2020;14,61226817
Pakistan;2000;287;Pakistan;2000;200,9121095
Pakistan;2001;287;Pakistan;2001;206,609209
Pakistan;2002;287;Pakistan;2002;211,7353531
Pakistan;2003;287;Pakistan;2003;216,7785492
Pakistan;2004;287;Pakistan;2004;222,195413
Pakistan;2005;287;Pakistan;2005;227,6011986
Pakistan;2006;287;Pakistan;2006;233,0877568
Pakistan;2007;287;Pakistan;2007;239,3280809
Pakistan;2008;287;Pakistan;2008;245,821805
Pakistan;2009;287;Pakistan;2009;252,148887
Pakistan;2010;287;Pakistan;2010;258,4566301
Pakistan;2011;287;Pakistan;2011;264,3032184
Pakistan;2012;287;Pakistan;2012;269,389691
Pakistan;2013;287;Pakistan;2013;273,8091246
Pakistan;2014;287;Pakistan;2014;277,9481203
Pakistan;2015;287;Pakistan;2015;281,8738105
Pakistan;2016;287;Pakistan;2016;285,5682713
Pakistan;2017;287;Pakistan;2017;289,6351793
Pakistan;2018;287;Pakistan;2018;294,3764166
Pakistan;2019;287;Pakistan;2019;299,3992567
Pakistan;2020;287;Pakistan;2020;304,8486742
Panama;2000;58;Panama;2000;40,49460586
Panama;2001;58;Panama;2001;41,29051655
Panama;2002;58;Panama;2002;42,09502287
Panama;2003;58;Panama;2003;42,90835351
Panama;2004;58;Panama;2004;43,73358892
Panama;2005;58;Panama;2005;44,56585956
Panama;2006;58;Panama;2006;45,39983858
Panama;2007;58;Panama;2007;46,24011299
Panama;2008;58;Panama;2008;47,08969599
Panama;2009;58;Panama;2009;47,94701372
Panama;2010;58;Panama;2010;48,80999462
Panama;2011;58;Panama;2011;49,68395211
Panama;2012;58;Panama;2012;50,56841539
Panama;2013;58;Panama;2013;51,45721012
Panama;2014;58;Panama;2014;52,5108068
Panama;2015;58;Panama;2015;53,42734754
Panama;2016;58;Panama;2016;54,35895845
Panama;2017;58;Panama;2017;55,29825958
Panama;2018;58;Panama;2018;56,18576436
Panama;2019;58;Panama;2019;57,08681585
Panama;2020;58;Panama;2020;57,87626045
Papua New Guinea;2000;20;Papua New Guinea;2000;12,22687806
Papua New Guinea;2001;20;Papua New Guinea;2001;12,6494612
Papua New Guinea;2002;20;Papua New Guinea;2002;13,08131211
Papua New Guinea;2003;20;Papua New Guinea;2003;13,52293645
Papua New Guinea;2004;20;Papua New Guinea;2004;13,97350395
Papua New Guinea;2005;20;Papua New Guinea;2005;14,43250673
Papua New Guinea;2006;20;Papua New Guinea;2006;14,90023407
Papua New Guinea;2007;20;Papua New Guinea;2007;15,3763746
Papua New Guinea;2008;20;Papua New Guinea;2008;15,86141854
Papua New Guinea;2009;20;Papua New Guinea;2009;16,35480723
Papua New Guinea;2010;20;Papua New Guinea;2010;16,85625359
Papua New Guinea;2011;20;Papua New Guinea;2011;17,35491322
Papua New Guinea;2012;20;Papua New Guinea;2012;17,84522811
Papua New Guinea;2013;20;Papua New Guinea;2013;18,33391777
Papua New Guinea;2014;20;Papua New Guinea;2014;18,8213598
Papua New Guinea;2015;20;Papua New Guinea;2015;19,30673056
Papua New Guinea;2016;20;Papua New Guinea;2016;19,7891578
Papua New Guinea;2017;20;Papua New Guinea;2017;20,26832575
Papua New Guinea;2018;20;Papua New Guinea;2018;20,74485051
Papua New Guinea;2019;20;Papua New Guinea;2019;21,2185002
Papua New Guinea;2020;20;Papua New Guinea;2020;21,67501215
Paraguay;2000;18;Paraguay;2000;12,83883212
Paraguay;2001;18;Paraguay;2001;13,05735968
Paraguay;2002;18;Paraguay;2002;13,24270828
Paraguay;2003;18;Paraguay;2003;13,40658445
Paraguay;2004;18;Paraguay;2004;13,56198087
Paraguay;2005;18;Paraguay;2005;13,71280393
Paraguay;2006;18;Paraguay;2006;13,8564007
Paraguay;2007;18;Paraguay;2007;13,99291719
Paraguay;2008;18;Paraguay;2008;14,12930783
Paraguay;2009;18;Paraguay;2009;14,27444249
Paraguay;2010;18;Paraguay;2010;14,44241379
Paraguay;2011;18;Paraguay;2011;14,63535364
Paraguay;2012;18;Paraguay;2012;14,84270828
Paraguay;2013;18;Paraguay;2013;15,05775233
Paraguay;2014;18;Paraguay;2014;15,27765165
Paraguay;2015;18;Paraguay;2015;15,50239869
Paraguay;2016;18;Paraguay;2016;15,72898565
Paraguay;2017;18;Paraguay;2017;15,95434181
Paraguay;2018;18;Paraguay;2018;16,17765417
Paraguay;2019;18;Paraguay;2019;16,39833375
Paraguay;2020;18;Paraguay;2020;16,62154291
Peru;2000;26;Peru;2000;20,77994609
Peru;2001;26;Peru;2001;21,06609453
Peru;2002;26;Peru;2002;21,31891953
Peru;2003;26;Peru;2003;21,54725781
Peru;2004;26;Peru;2004;21,75952344
Peru;2005;26;Peru;2005;21,95404688
Peru;2006;26;Peru;2006;22,12850859
Peru;2007;26;Peru;2007;22,28960859
Peru;2008;26;Peru;2008;22,43675078
Peru;2009;26;Peru;2009;22,57563359
Peru;2010;26;Peru;2010;22,72345234
Peru;2011;26;Peru;2011;22,89381719
Peru;2012;26;Peru;2012;23,08622344
Peru;2013;26;Peru;2013;23,29524922
Peru;2014;26;Peru;2014;23,52798906
Peru;2015;26;Peru;2015;23,795
Peru;2016;26;Peru;2016;24,11444844
Peru;2017;26;Peru;2017;24,47237266
Peru;2018;26;Peru;2018;24,9199875
Peru;2019;26;Peru;2019;25,35101797
Peru;2020;26;Peru;2020;25,65513984
Philippines;2000;368;Philippines;2000;267,0469766
Philippines;2001;368;Philippines;2001;273,0036154
Philippines;2002;368;Philippines;2002;278,5957306
Philippines;2003;368;Philippines;2003;284,1729047
Philippines;2004;368;Philippines;2004;289,7491498
Philippines;2005;368;Philippines;2005;295,1871818
Philippines;2006;368;Philippines;2006;300,194473
Philippines;2007;368;Philippines;2007;305,4471744
Philippines;2008;368;Philippines;2008;310,8934333
Philippines;2009;368;Philippines;2009;316,5450917
Philippines;2010;368;Philippines;2010;323,0946272
Philippines;2011;368;Philippines;2011;329,5053627
Philippines;2012;368;Philippines;2012;335,9677768
Philippines;2013;368;Philippines;2013;342,3427441
Philippines;2014;368;Philippines;2014;348,0133146
Philippines;2015;368;Philippines;2015;353,1978133
Philippines;2016;368;Philippines;2016;357,969343
Philippines;2017;368;Philippines;2017;362,6109032
Philippines;2018;368;Philippines;2018;367,1237448
Philippines;2019;368;Philippines;2019;371,6157997
Philippines;2020;368;Philippines;2020;375,8971862
Poland;2000;124;Poland;2000;124,9098208
Poland;2001;124;Poland;2001;124,8753665
Poland;2002;124;Poland;2002;124,8175389
Poland;2003;124;Poland;2003;124,7536899
Poland;2004;124;Poland;2004;124,6440832
Poland;2005;124;Poland;2005;124,5893154
Poland;2006;124;Poland;2006;124,5144522
Poland;2007;124;Poland;2007;124,446853
Poland;2008;124;Poland;2008;124,4719523
Poland;2009;124;Poland;2009;124,5644606
Poland;2010;124;Poland;2010;124,2092007
Poland;2011;124;Poland;2011;124,2962969
Poland;2012;124;Poland;2012;124,3000588
Poland;2013;124;Poland;2013;124,2291107
Poland;2014;124;Poland;2014;124,1442732
Poland;2015;124;Poland;2015;124,0615696
Poland;2016;124;Poland;2016;124,008253
Poland;2017;124;Poland;2017;124,0237304
Poland;2018;124;Poland;2018;124,0315838
Poland;2019;124;Poland;2019;124,0255954
Poland;2020;124;Poland;2020;122,5484206
Portugal;2000;111;Portugal;2000;112,4579016
Portugal;2001;111;Portugal;2001;113,2537923
Portugal;2002;111;Portugal;2002;113,8757486
Portugal;2003;111;Portugal;2003;114,3040546
Portugal;2004;111;Portugal;2004;114,5777158
Portugal;2005;111;Portugal;2005;114,8281404
Portugal;2006;111;Portugal;2006;115,0353996
Portugal;2007;111;Portugal;2007;115,2614409
Portugal;2008;111;Portugal;2008;115,4277577
Portugal;2009;111;Portugal;2009;115,3864723
Portugal;2010;111;Portugal;2010;115,4394585
Portugal;2011;111;Portugal;2011;115,2697893
Portugal;2012;111;Portugal;2012;114,8034065
Portugal;2013;111;Portugal;2013;114,1561287
Portugal;2014;111;Portugal;2014;113,5417704
Portugal;2015;111;Portugal;2015;113,0725196
Portugal;2016;111;Portugal;2016;112,7163842
Portugal;2017;111;Portugal;2017;112,4418158
Portugal;2018;111;Portugal;2018;112,261936
Portugal;2019;111;Portugal;2019;112,2885828
Portugal;2020;111;Portugal;2020;112,406676
Puerto Rico;2000;368;Puerto Rico (US);2000;429,6059752
Puerto Rico;2001;368;Puerto Rico (US);2001;430,5269448
Puerto Rico;2002;368;Puerto Rico (US);2002;431,0824126
Puerto Rico;2003;368;Puerto Rico (US);2003;431,3523112
Puerto Rico;2004;368;Puerto Rico (US);2004;431,4405862
Puerto Rico;2005;368;Puerto Rico (US);2005;430,8187148
Puerto Rico;2006;368;Puerto Rico (US);2006;428,9981962
Puerto Rico;2007;368;Puerto Rico (US);2007;426,4932356
Puerto Rico;2008;368;Puerto Rico (US);2008;423,9984216
Puerto Rico;2009;368;Puerto Rico (US);2009;421,692221
Puerto Rico;2010;368;Puerto Rico (US);2010;419,8945885
Puerto Rico;2011;368;Puerto Rico (US);2011;416,399549
Puerto Rico;2012;368;Puerto Rico (US);2012;412,7446449
Puerto Rico;2013;368;Puerto Rico (US);2013;409,4055242
Puerto Rico;2014;368;Puerto Rico (US);2014;404,1732807
Puerto Rico;2015;368;Puerto Rico (US);2015;398,5532131
Puerto Rico;2016;368;Puerto Rico (US);2016;392,3824126
Puerto Rico;2017;368;Puerto Rico (US);2017;384,5363021
Puerto Rico;2018;368;Puerto Rico (US);2018;370,9909808
Puerto Rico;2019;368;Puerto Rico (US);2019;372,3439684
Puerto Rico;2020;368;Puerto Rico (US);2020;369,9651635
Qatar;2000;248;Qatar;2000;55,5546081
Qatar;2001;248;Qatar;2001;58,39147287
Qatar;2002;248;Qatar;2002;61,25796727
Qatar;2003;248;Qatar;2003;64,1414298
Qatar;2004;248;Qatar;2004;66,60913006
Qatar;2005;248;Qatar;2005;71,09457364
Qatar;2006;248;Qatar;2006;83,79250646
Qatar;2007;248;Qatar;2007;104,0994832
Qatar;2008;248;Qatar;2008;122,9059432
Qatar;2009;248;Qatar;2009;138,5790698
Qatar;2010;248;Qatar;2010;139,2620155
Qatar;2011;248;Qatar;2011;139,9449612
Qatar;2012;248;Qatar;2012;148,3581395
Qatar;2013;248;Qatar;2013;165,0668389
Qatar;2014;248;Qatar;2014;187,2711053
Qatar;2015;248;Qatar;2015;204,0519582
Qatar;2016;248;Qatar;2016;215,5885988
Qatar;2017;248;Qatar;2017;221,5683203
Qatar;2018;248;Qatar;2018;224,6069626
Qatar;2019;248;Qatar;2019;229,6481288
Qatar;2020;248;Qatar;2020;243,1808529
Romania;2000;84;Romania;2000;97,70132341
Romania;2001;84;Romania;2001;96,34743807
Romania;2002;84;Romania;2002;94,53384957
Romania;2003;84;Romania;2003;93,82181344
Romania;2004;84;Romania;2004;93,26846957
Romania;2005;84;Romania;2005;92,70234368
Romania;2006;84;Romania;2006;92,15479607
Romania;2007;84;Romania;2007;90,83901866
Romania;2008;84;Romania;2008;89,33394954
Romania;2009;84;Romania;2009;88,53119621
Romania;2010;84;Romania;2010;88,01074114
Romania;2011;84;Romania;2011;87,53324934
Romania;2012;84;Romania;2012;87,20126511
Romania;2013;84;Romania;2013;86,87429031
Romania;2014;84;Romania;2014;86,53068063
Romania;2015;84;Romania;2015;86,12489569
Romania;2016;84;Romania;2016;85,63224531
Romania;2017;84;Romania;2017;85,13871262
Romania;2018;84;Romania;2018;84,63999478
Romania;2019;84;Romania;2019;84,19527121
Romania;2020;84;Romania;2020;83,73283206
Rwanda;2000;525;Rwanda;2000;332,9522092
Rwanda;2001;525;Rwanda;2001;335,917876
Rwanda;2002;525;Rwanda;2002;340,5018241
Rwanda;2003;525;Rwanda;2003;348,0695176
Rwanda;2004;525;Rwanda;2004;357,3913255
Rwanda;2005;525;Rwanda;2005;367,0258614
Rwanda;2006;525;Rwanda;2006;376,9455209
Rwanda;2007;525;Rwanda;2007;387,1071342
Rwanda;2008;525;Rwanda;2008;397,4166599
Rwanda;2009;525;Rwanda;2009;407,8002432
Rwanda;2010;525;Rwanda;2010;418,2226591
Rwanda;2011;525;Rwanda;2011;428,6069315
Rwanda;2012;525;Rwanda;2012;438,9907175
Rwanda;2013;525;Rwanda;2013;449,6692339
Rwanda;2014;525;Rwanda;2014;460,671139
Rwanda;2015;525;Rwanda;2015;471,8290231
Rwanda;2016;525;Rwanda;2016;483,1448318
Rwanda;2017;525;Rwanda;2017;494,6112687
Rwanda;2018;525;Rwanda;2018;506,2017025
Rwanda;2019;525;Rwanda;2019;517,8801378
Rwanda;2020;525;Rwanda;2020;529,6245237
Saint Kitts and Nevis;2000;205;St. Kitts and Nevis;2000;174,0307692
Saint Kitts and Nevis;2001;205;St. Kitts and Nevis;2001;176,0038462
Saint Kitts and Nevis;2002;205;St. Kitts and Nevis;2002;177
Saint Kitts and Nevis;2003;205;St. Kitts and Nevis;2003;177,6
Saint Kitts and Nevis;2004;205;St. Kitts and Nevis;2004;178,1346154
Saint Kitts and Nevis;2005;205;St. Kitts and Nevis;2005;178,6038462
Saint Kitts and Nevis;2006;205;St. Kitts and Nevis;2006;179,1115385
Saint Kitts and Nevis;2007;205;St. Kitts and Nevis;2007;179,6384615
Saint Kitts and Nevis;2008;205;St. Kitts and Nevis;2008;180,1346154
Saint Kitts and Nevis;2009;205;St. Kitts and Nevis;2009;180,4461538
Saint Kitts and Nevis;2010;205;St. Kitts and Nevis;2010;180,1769231
Saint Kitts and Nevis;2011;205;St. Kitts and Nevis;2011;180,3307692
Saint Kitts and Nevis;2012;205;St. Kitts and Nevis;2012;180,8961538
Saint Kitts and Nevis;2013;205;St. Kitts and Nevis;2013;181,0346154
Saint Kitts and Nevis;2014;205;St. Kitts and Nevis;2014;181,1115385
Saint Kitts and Nevis;2015;205;St. Kitts and Nevis;2015;181,1038462
Saint Kitts and Nevis;2016;205;St. Kitts and Nevis;2016;181,0576923
Saint Kitts and Nevis;2017;205;St. Kitts and Nevis;2017;180,9615385
Saint Kitts and Nevis;2018;205;St. Kitts and Nevis;2018;180,8
Saint Kitts and Nevis;2019;205;St. Kitts and Nevis;2019;180,5846154
Saint Kitts and Nevis;2020;205;St. Kitts and Nevis;2020;180,2692308
Saint Lucia;2000;301;St. Lucia;2000;260,0262295
Saint Lucia;2001;301;St. Lucia;2001;262,6836066
Saint Lucia;2002;301;St. Lucia;2002;264,9852459
Saint Lucia;2003;301;St. Lucia;2003;267,1737705
Saint Lucia;2004;301;St. Lucia;2004;269,2442623
Saint Lucia;2005;301;St. Lucia;2005;271,2295082
Saint Lucia;2006;301;St. Lucia;2006;273,1786885
Saint Lucia;2007;301;St. Lucia;2007;275,0131148
Saint Lucia;2008;301;St. Lucia;2008;276,7344262
Saint Lucia;2009;301;St. Lucia;2009;278,4737705
Saint Lucia;2010;301;St. Lucia;2010;280,1737705
Saint Lucia;2011;301;St. Lucia;2011;281,6409836
Saint Lucia;2012;301;St. Lucia;2012;282,9295082
Saint Lucia;2013;301;St. Lucia;2013;284,2114754
Saint Lucia;2014;301;St. Lucia;2014;285,4721311
Saint Lucia;2015;301;St. Lucia;2015;286,7295082
Saint Lucia;2016;301;St. Lucia;2016;287,9442623
Saint Lucia;2017;301;St. Lucia;2017;289,0852459
Saint Lucia;2018;301;St. Lucia;2018;290,1918033
Saint Lucia;2019;301;St. Lucia;2019;291,247541
Saint Lucia;2020;301;St. Lucia;2020;292,2131148
Saint Vincent and the Grenadines;2000;284;St. Vincent and the Grenadines;2000;291,1410256
Saint Vincent and the Grenadines;2001;284;St. Vincent and the Grenadines;2001;291,0282051
Saint Vincent and the Grenadines;2002;284;St. Vincent and the Grenadines;2002;290,6333333
Saint Vincent and the Grenadines;2003;284;St. Vincent and the Grenadines;2003;290,1051282
Saint Vincent and the Grenadines;2004;284;St. Vincent and the Grenadines;2004;289,3205128
Saint Vincent and the Grenadines;2005;284;St. Vincent and the Grenadines;2005;288,3333333
Saint Vincent and the Grenadines;2006;284;St. Vincent and the Grenadines;2006;287,2153846
Saint Vincent and the Grenadines;2007;284;St. Vincent and the Grenadines;2007;285,9769231
Saint Vincent and the Grenadines;2008;284;St. Vincent and the Grenadines;2008;284,6871795
Saint Vincent and the Grenadines;2009;284;St. Vincent and the Grenadines;2009;283,3538462
Saint Vincent and the Grenadines;2010;284;St. Vincent and the Grenadines;2010;281,9461538
Saint Vincent and the Grenadines;2011;284;St. Vincent and the Grenadines;2011;280,3820513
Saint Vincent and the Grenadines;2012;284;St. Vincent and the Grenadines;2012;278,8102564
Saint Vincent and the Grenadines;2013;284;St. Vincent and the Grenadines;2013;277,2692308
Saint Vincent and the Grenadines;2014;284;St. Vincent and the Grenadines;2014;275,7307692
Saint Vincent and the Grenadines;2015;284;St. Vincent and the Grenadines;2015;274,2564103
Saint Vincent and the Grenadines;2016;284;St. Vincent and the Grenadines;2016;272,6897436
Saint Vincent and the Grenadines;2017;284;St. Vincent and the Grenadines;2017;270,9307692
Saint Vincent and the Grenadines;2018;284;St. Vincent and the Grenadines;2018;269,0410256
Saint Vincent and the Grenadines;2019;284;St. Vincent and the Grenadines;2019;267,0948718
Saint Vincent and the Grenadines;2020;284;St. Vincent and the Grenadines;2020;265,4512821
Samoa;2000;70;Samoa;2000;64,19964664
Samoa;2001;70;Samoa;2001;64,7229682
Samoa;2002;70;Samoa;2002;65,18409894
Samoa;2003;70;Samoa;2003;65,5229682
Samoa;2004;70;Samoa;2004;65,81236749
Samoa;2005;70;Samoa;2005;66,06996466
Samoa;2006;70;Samoa;2006;66,32826855
Samoa;2007;70;Samoa;2007;66,69717314
Samoa;2008;70;Samoa;2008;67,17561837
Samoa;2009;70;Samoa;2009;67,67243816
Samoa;2010;70;Samoa;2010;68,20600707
Samoa;2011;70;Samoa;2011;68,80318021
Samoa;2012;70;Samoa;2012;69,43392226
Samoa;2013;70;Samoa;2013;70,05936396
Samoa;2014;70;Samoa;2014;70,6844523
Samoa;2015;70;Samoa;2015;71,30106007
Samoa;2016;70;Samoa;2016;71,90777385
Samoa;2017;70;Samoa;2017;73,89028777
Samoa;2018;70;Samoa;2018;74,66978417
Samoa;2019;70;Samoa;2019;75,46043165
Samoa;2020;70;Samoa;2020;76,23884892
Sao Tome and Principe;2000;242;Sao Tome and Principe;2000;150,01875
Sao Tome and Principe;2001;242;Sao Tome and Principe;2001;152,4739583
Sao Tome and Principe;2002;242;Sao Tome and Principe;2002;156,16875
Sao Tome and Principe;2003;242;Sao Tome and Principe;2003;160,2229167
Sao Tome and Principe;2004;242;Sao Tome and Principe;2004;164,2760417
Sao Tome and Principe;2005;242;Sao Tome and Principe;2005;168,3739583
Sao Tome and Principe;2006;242;Sao Tome and Principe;2006;172,5395833
Sao Tome and Principe;2007;242;Sao Tome and Principe;2007;176,7708333
Sao Tome and Principe;2008;242;Sao Tome and Principe;2008;181,034375
Sao Tome and Principe;2009;242;Sao Tome and Principe;2009;185,2635417
Sao Tome and Principe;2010;242;Sao Tome and Principe;2010;189,3770833
Sao Tome and Principe;2011;242;Sao Tome and Principe;2011;193,384375
Sao Tome and Principe;2012;242;Sao Tome and Principe;2012;197,3322917
Sao Tome and Principe;2013;242;Sao Tome and Principe;2013;201,1958333
Sao Tome and Principe;2014;242;Sao Tome and Principe;2014;204,965625
Sao Tome and Principe;2015;242;Sao Tome and Principe;2015;208,6364583
Sao Tome and Principe;2016;242;Sao Tome and Principe;2016;212,1760417
Sao Tome and Principe;2017;242;Sao Tome and Principe;2017;215,59375
Sao Tome and Principe;2018;242;Sao Tome and Principe;2018;218,9447917
Sao Tome and Principe;2019;242;Sao Tome and Principe;2019;222,2833333
Sao Tome and Principe;2020;242;Sao Tome and Principe;2020;226,4947917
Saudi Arabia;2000;16;Saudi Arabia;2000;7,525606948
Saudi Arabia;2001;16;Saudi Arabia;2001;7,92737418
Saudi Arabia;2002;16;Saudi Arabia;2002;8,331857151
Saudi Arabia;2003;16;Saudi Arabia;2003;8,739291247
Saudi Arabia;2004;16;Saudi Arabia;2004;9,149914639
Saudi Arabia;2005;16;Saudi Arabia;2005;9,564118547
Saudi Arabia;2006;16;Saudi Arabia;2006;9,982436537
Saudi Arabia;2007;16;Saudi Arabia;2007;10,40536682
Saudi Arabia;2008;16;Saudi Arabia;2008;10,83313268
Saudi Arabia;2009;16;Saudi Arabia;2009;11,26564947
Saudi Arabia;2010;16;Saudi Arabia;2010;11,15439296
Saudi Arabia;2011;16;Saudi Arabia;2011;11,6723188
Saudi Arabia;2012;16;Saudi Arabia;2012;12,17331848
Saudi Arabia;2013;16;Saudi Arabia;2013;12,85022678
Saudi Arabia;2014;16;Saudi Arabia;2014;13,16900251
Saudi Arabia;2015;16;Saudi Arabia;2015;13,87008452
Saudi Arabia;2016;16;Saudi Arabia;2016;14,39937758
Saudi Arabia;2017;16;Saudi Arabia;2017;14,41014984
Saudi Arabia;2018;16;Saudi Arabia;2018;14,04680721
Saudi Arabia;2019;16;Saudi Arabia;2019;13,98517879
Saudi Arabia;2020;16;Saudi Arabia;2020;14,67770237
Senegal;2000;87;Senegal;2000;51,77509998
Senegal;2001;87;Senegal;2001;53,04597725
Senegal;2002;87;Senegal;2002;54,36147094
Senegal;2003;87;Senegal;2003;55,68574248
Senegal;2004;87;Senegal;2004;57,00775983
Senegal;2005;87;Senegal;2005;58,35699372
Senegal;2006;87;Senegal;2006;59,73143926
Senegal;2007;87;Senegal;2007;61,13511661
Senegal;2008;87;Senegal;2008;62,58224173
Senegal;2009;87;Senegal;2009;64,08034592
Senegal;2010;87;Senegal;2010;65,62828131
Senegal;2011;87;Senegal;2011;67,30845583
Senegal;2012;87;Senegal;2012;69,13465434
Senegal;2013;87;Senegal;2013;71,21409131
Senegal;2014;87;Senegal;2014;73,50595751
Senegal;2015;87;Senegal;2015;75,79769906
Senegal;2016;87;Senegal;2016;78,08923804
Senegal;2017;87;Senegal;2017;80,37709448
Senegal;2018;87;Senegal;2018;82,65983483
Senegal;2019;87;Senegal;2019;84,93700722
Senegal;2020;87;Senegal;2020;87,20313198
Serbia;2007;100;Serbia;2007;84,39948548
Serbia;2008;100;Serbia;2008;84,04095587
Serbia;2009;100;Serbia;2009;83,70463069
Serbia;2010;100;Serbia;2010;83,3688086
Serbia;2011;100;Serbia;2011;82,7408987
Serbia;2012;100;Serbia;2012;82,34046421
Serbia;2013;100;Serbia;2013;81,94092156
Serbia;2014;100;Serbia;2014;81,54341413
Serbia;2015;100;Serbia;2015;81,12717814
Serbia;2016;100;Serbia;2016;80,70343014
Serbia;2017;100;Serbia;2017;80,27507432
Serbia;2018;100;Serbia;2018;79,8376858
Serbia;2019;100;Serbia;2019;79,41041619
Serbia;2020;100;Serbia;2020;82,04454751
Seychelles;2000;214;Seychelles;2000;176,3717391
Seychelles;2001;214;Seychelles;2001;176,526087
Seychelles;2002;214;Seychelles;2002;182,0065217
Seychelles;2003;214;Seychelles;2003;179,9586957
Seychelles;2004;214;Seychelles;2004;179,2934783
Seychelles;2005;214;Seychelles;2005;180,126087
Seychelles;2006;214;Seychelles;2006;183,9130435
Seychelles;2007;214;Seychelles;2007;184,8543478
Seychelles;2008;214;Seychelles;2008;189,0347826
Seychelles;2009;214;Seychelles;2009;189,7782609
Seychelles;2010;214;Seychelles;2010;195,1521739
Seychelles;2011;214;Seychelles;2011;190,0891304
Seychelles;2012;214;Seychelles;2012;191,9630435
Seychelles;2013;214;Seychelles;2013;195,5413043
Seychelles;2014;214;Seychelles;2014;198,6065217
Seychelles;2015;214;Seychelles;2015;203,0847826
Seychelles;2016;214;Seychelles;2016;205,8195652
Seychelles;2017;214;Seychelles;2017;208,3543478
Seychelles;2018;214;Seychelles;2018;210,3521739
Seychelles;2019;214;Seychelles;2019;212,2282609
Seychelles;2020;214;Seychelles;2020;214,0478261
Sierra Leone;2000;111;Sierra Leone;2000;61,2858271
Sierra Leone;2001;111;Sierra Leone;2001;65,01407592
Sierra Leone;2002;111;Sierra Leone;2002;68,87551953
Sierra Leone;2003;111;Sierra Leone;2003;71,73298698
Sierra Leone;2004;111;Sierra Leone;2004;74,19945968
Sierra Leone;2005;111;Sierra Leone;2005;76,22211139
Sierra Leone;2006;111;Sierra Leone;2006;77,92277639
Sierra Leone;2007;111;Sierra Leone;2007;79,65297866
Sierra Leone;2008;111;Sierra Leone;2008;81,66697146
Sierra Leone;2009;111;Sierra Leone;2009;83,89645331
Sierra Leone;2010;111;Sierra Leone;2010;86,21105569
Sierra Leone;2011;111;Sierra Leone;2011;88,49059296
Sierra Leone;2012;111;Sierra Leone;2012;90,76032142
Sierra Leone;2013;111;Sierra Leone;2013;93,01816293
Sierra Leone;2014;111;Sierra Leone;2014;95,26717927
Sierra Leone;2015;111;Sierra Leone;2015;97,5014547
Sierra Leone;2016;111;Sierra Leone;2016;99,8244389
Sierra Leone;2017;111;Sierra Leone;2017;102,2346772
Sierra Leone;2018;111;Sierra Leone;2018;104,662829
Sierra Leone;2019;111;Sierra Leone;2019;107,1209615
Sierra Leone;2020;111;Sierra Leone;2020;109,6225824
Singapore;2000;"""8";Singapore;2000;6011,771642
Singapore;2001;"""8";Singapore;2001;6176,137313
Singapore;2002;"""8";Singapore;2002;6186,592593
Singapore;2003;"""8";Singapore;2003;5989,557496
Singapore;2004;"""8";Singapore;2004;6047,407837
Singapore;2005;"""8";Singapore;2005;6191,236575
Singapore;2006;"""8";Singapore;2006;6342,024496
Singapore;2007;"""8";Singapore;2007;6602,300719
Singapore;2008;"""8";Singapore;2008;6913,422857
Singapore;2009;"""8";Singapore;2009;7125,104286
Singapore;2010;"""8";Singapore;2010;7231,811966
Singapore;2011;"""8";Singapore;2011;7363,193182
Singapore;2012;"""8";Singapore;2012;7524,6983
Singapore;2013;"""8";Singapore;2013;7636,721358
Singapore;2014;"""8";Singapore;2014;7714,702398
Singapore;2015;"""8";Singapore;2015;7806,77292
Singapore;2016;"""8";Singapore;2016;7908,720733
Singapore;2017;"""8";Singapore;2017;7882,377809
Singapore;2018;"""8";Singapore;2018;7897,305322
Singapore;2019;"""8";Singapore;2019;7965,878492
Singapore;2020;"""8";Singapore;2020;7918,951253
Slovakia;2000;114;Slovak Republic;2000;112,0316008
Slovakia;2001;114;Slovak Republic;2001;111,8267568
Slovakia;2002;114;Slovak Republic;2002;111,7861123
Slovakia;2003;114;Slovak Republic;2003;111,6893369
Slovakia;2004;114;Slovak Republic;2004;111,6898129
Slovakia;2005;114;Slovak Republic;2005;111,7007692
Slovakia;2006;114;Slovak Republic;2006;111,7059044
Slovakia;2007;114;Slovak Republic;2007;111,7385031
Slovakia;2008;114;Slovak Republic;2008;111,8343659
Slovakia;2009;114;Slovak Republic;2009;112,006779
Slovakia;2010;114;Slovak Republic;2010;112,1088769
Slovakia;2011;114;Slovak Republic;2011;112,2605224
Slovakia;2012;114;Slovak Republic;2012;112,4517343
Slovakia;2013;114;Slovak Republic;2013;112,5726377
Slovakia;2014;114;Slovak Republic;2014;112,7006864
Slovakia;2015;114;Slovak Republic;2015;112,8031488
Slovakia;2016;114;Slovak Republic;2016;112,9533694
Slovakia;2017;114;Slovak Republic;2017;113,1287854
Slovakia;2018;114;Slovak Republic;2018;113,2855865
Slovakia;2019;114;Slovak Republic;2019;113,4389975
Slovakia;2020;114;Slovak Republic;2020;113,5363353
Slovenia;2000;103;Slovenia;2000;98,75496524
Slovenia;2001;103;Slovenia;2001;98,91062562
Slovenia;2002;103;Slovenia;2002;99,03326713
Slovenia;2003;103;Slovenia;2003;99,09299901
Slovenia;2004;103;Slovenia;2004;99,15650447
Slovenia;2005;103;Slovenia;2005;99,32840119
Slovenia;2006;103;Slovenia;2006;99,64587885
Slovenia;2007;103;Slovenia;2007;100,2046673
Slovenia;2008;103;Slovenia;2008;100,3323704
Slovenia;2009;103;Slovenia;2009;101,2453712
Slovenia;2010;103;Slovenia;2010;101,6858266
Slovenia;2011;103;Slovenia;2011;101,8982925
Slovenia;2012;103;Slovenia;2012;102,1140492
Slovenia;2013;103;Slovenia;2013;102,2816783
Slovenia;2014;103;Slovenia;2014;102,3823237
Slovenia;2015;103;Slovenia;2015;102,4461092
Slovenia;2016;103;Slovenia;2016;102,5241783
Slovenia;2017;103;Slovenia;2017;102,6108719
Slovenia;2018;103;Slovenia;2018;102,9922926
Slovenia;2019;103;Slovenia;2019;103,7119346
Slovenia;2020;103;Slovenia;2020;104,4088814
Solomon Islands;2000;25;Solomon Islands;2000;15,73665595
Solomon Islands;2001;25;Solomon Islands;2001;16,04590925
Solomon Islands;2002;25;Solomon Islands;2002;16,35123258
Solomon Islands;2003;25;Solomon Islands;2003;16,65430511
Solomon Islands;2004;25;Solomon Islands;2004;16,95644873
Solomon Islands;2005;25;Solomon Islands;2005;17,25902108
Solomon Islands;2006;25;Solomon Islands;2006;17,56320114
Solomon Islands;2007;25;Solomon Islands;2007;17,86909611
Solomon Islands;2008;25;Solomon Islands;2008;18,17756342
Solomon Islands;2009;25;Solomon Islands;2009;18,51164702
Solomon Islands;2010;25;Solomon Islands;2010;19,04137192
Solomon Islands;2011;25;Solomon Islands;2011;19,7550911
Solomon Islands;2012;25;Solomon Islands;2012;20,49324759
Solomon Islands;2013;25;Solomon Islands;2013;21,25562701
Solomon Islands;2014;25;Solomon Islands;2014;22,04030011
Solomon Islands;2015;25;Solomon Islands;2015;22,84440872
Solomon Islands;2016;25;Solomon Islands;2016;23,66484459
Solomon Islands;2017;25;Solomon Islands;2017;24,49703466
Solomon Islands;2018;25;Solomon Islands;2018;25,3340836
Solomon Islands;2019;25;Solomon Islands;2019;26,01454091
Solomon Islands;2020;25;Solomon Islands;2020;26,59871383
Somalia;2000;25;Somalia, Fed. Rep.;2000;14,08919087
Somalia;2001;25;Somalia, Fed. Rep.;2001;14,66269168
Somalia;2002;25;Somalia, Fed. Rep.;2002;15,22310549
Somalia;2003;25;Somalia, Fed. Rep.;2003;15,7955128
Somalia;2004;25;Somalia, Fed. Rep.;2004;16,38823923
Somalia;2005;25;Somalia, Fed. Rep.;2005;16,96723946
Somalia;2006;25;Somalia, Fed. Rep.;2006;17,49530079
Somalia;2007;25;Somalia, Fed. Rep.;2007;18,0485574
Somalia;2008;25;Somalia, Fed. Rep.;2008;18,59132847
Somalia;2009;25;Somalia, Fed. Rep.;2009;19,06653649
Somalia;2010;25;Somalia, Fed. Rep.;2010;19,54563076
Somalia;2011;25;Somalia, Fed. Rep.;2011;19,6844295
Somalia;2012;25;Somalia, Fed. Rep.;2012;19,8634871
Somalia;2013;25;Somalia, Fed. Rep.;2013;20,51454395
Somalia;2014;25;Somalia, Fed. Rep.;2014;21,26357478
Somalia;2015;25;Somalia, Fed. Rep.;2015;22,00874008
Somalia;2016;25;Somalia, Fed. Rep.;2016;22,87234992
Somalia;2017;25;Somalia, Fed. Rep.;2017;23,77758313
Somalia;2018;25;Somalia, Fed. Rep.;2018;24,6317579
Somalia;2019;25;Somalia, Fed. Rep.;2019;25,55387987
Somalia;2020;25;Somalia, Fed. Rep.;2020;26,54253037
South Africa;2000;49;South Africa;2000;38,87569677
South Africa;2001;49;South Africa;2001;39,21127039
South Africa;2002;49;South Africa;2002;39,58437956
South Africa;2003;49;South Africa;2003;39,98083242
South Africa;2004;49;South Africa;2004;40,3856441
South Africa;2005;49;South Africa;2005;40,79667049
South Africa;2006;49;South Africa;2006;41,21563693
South Africa;2007;49;South Africa;2007;41,65279081
South Africa;2008;49;South Africa;2008;42,13586708
South Africa;2009;49;South Africa;2009;42,64194413
South Africa;2010;49;South Africa;2010;43,14935495
South Africa;2011;49;South Africa;2011;43,68612799
South Africa;2012;49;South Africa;2012;44,33518288
South Africa;2013;49;South Africa;2013;45,0739772
South Africa;2014;49;South Africa;2014;45,82911243
South Africa;2015;49;South Africa;2015;46,75954546
South Africa;2016;49;South Africa;2016;47,20140385
South Africa;2017;49;South Africa;2017;47,51103545
South Africa;2018;49;South Africa;2018;48,31710838
South Africa;2019;49;South Africa;2019;49,12074537
South Africa;2020;49;South Africa;2020;49,92406252
South Sudan;2013;18;South Sudan;2013;17,67011378
South Sudan;2014;18;South Sudan;2014;17,77898343
South Sudan;2015;18;South Sudan;2015;17,57720159
South Sudan;2016;18;South Sudan;2016;17,13813555
South Sudan;2017;18;South Sudan;2017;16,23463675
South Sudan;2018;18;South Sudan;2018;16,01914294
South Sudan;2019;18;South Sudan;2019;16,49452313
South Sudan;2020;18;South Sudan;2020;16,92982925
Spain;2000;94;Spain;2000;81,29832465
Spain;2001;94;Spain;2001;81,94337639
Spain;2002;94;Spain;2002;83,02251924
Spain;2003;94;Spain;2003;84,50881393
Spain;2004;94;Spain;2004;85,98480508
Spain;2005;94;Spain;2005;87,4654972
Spain;2006;94;Spain;2006;88,97614934
Spain;2007;94;Spain;2007;90,61490052
Spain;2008;94;Spain;2008;92,12932237
Spain;2009;94;Spain;2009;92,97506517
Spain;2010;94;Spain;2010;93,15193096
Spain;2011;94;Spain;2011;93,50783588
Spain;2012;94;Spain;2012;93,50683713
Spain;2013;94;Spain;2013;93,16926291
Spain;2014;94;Spain;2014;92,88245537
Spain;2015;94;Spain;2015;92,90759735
Spain;2016;94;Spain;2016;92,99737171
Spain;2017;94;Spain;2017;93,22686228
Spain;2018;94;Spain;2018;93,63828109
Spain;2019;94;Spain;2019;94,31810878
Spain;2020;94;Spain;2020;94,80291069
Sri Lanka;2000;341;Sri Lanka;2000;307,6551427
Sri Lanka;2001;341;Sri Lanka;2001;312,5556052
Sri Lanka;2002;341;Sri Lanka;2002;315,8308404
Sri Lanka;2003;341;Sri Lanka;2003;318,1553341
Sri Lanka;2004;341;Sri Lanka;2004;320,3253867
Sri Lanka;2005;341;Sri Lanka;2005;322,3811832
Sri Lanka;2006;341;Sri Lanka;2006;324,5480944
Sri Lanka;2007;341;Sri Lanka;2007;326,78273
Sri Lanka;2008;341;Sri Lanka;2008;328,9647265
Sri Lanka;2009;341;Sri Lanka;2009;330,9908308
Sri Lanka;2010;341;Sri Lanka;2010;332,946723
Sri Lanka;2011;341;Sri Lanka;2011;335,0191038
Sri Lanka;2012;341;Sri Lanka;2012;337,577069
Sri Lanka;2013;341;Sri Lanka;2013;328,2570563
Sri Lanka;2014;341;Sri Lanka;2014;331,3347154
Sri Lanka;2015;341;Sri Lanka;2015;338,8105278
Sri Lanka;2016;341;Sri Lanka;2016;342,6720308
Sri Lanka;2017;341;Sri Lanka;2017;346,6143183
Sri Lanka;2018;341;Sri Lanka;2018;350,284495
Sri Lanka;2019;341;Sri Lanka;2019;352,4316946
Sri Lanka;2020;341;Sri Lanka;2020;354,3323634
Sudan;2000;25;Sudan;2000;14891192
Sudan;2001;25;Sudan;2001;15,265939
Sudan;2002;25;Sudan;2002;15,647071
Sudan;2003;25;Sudan;2003;16,004303
Sudan;2004;25;Sudan;2004;16,357944
Sudan;2005;25;Sudan;2005;16,735785
Sudan;2006;25;Sudan;2006;17,126574
Sudan;2007;25;Sudan;2007;17,539688
Sudan;2008;25;Sudan;2008;17,999989
Sudan;2009;25;Sudan;2009;18,505949
Sudan;2010;25;Sudan;2010;18,95586
Sudan;2011;25;Sudan;2011;19,347328
Sudan;2012;25;Sudan;2012;19,76615525
Sudan;2013;25;Sudan;2013;20,22797056
Sudan;2014;25;Sudan;2014;20,78336081
Sudan;2015;25;Sudan;2015;21,42635493
Sudan;2016;25;Sudan;2016;22,08773662
Sudan;2017;25;Sudan;2017;22,86633084
Sudan;2018;25;Sudan;2018;23,67804925
Sudan;2019;25;Sudan;2019;24,38339133
Sudan;2020;25;Sudan;2020;25,0477682
Suriname;2000;4;Suriname;2000;2,969597516
Suriname;2001;4;Suriname;2001;3,031382749
Suriname;2002;4;Suriname;2002;3,093629019
Suriname;2003;4;Suriname;2003;3,155077818
Suriname;2004;4;Suriname;2004;3,201860647
Suriname;2005;4;Suriname;2005;3,235441609
Suriname;2006;4;Suriname;2006;3,27085426
Suriname;2007;4;Suriname;2007;3,30835404
Suriname;2008;4;Suriname;2008;3,347162169
Suriname;2009;4;Suriname;2009;3,38655594
Suriname;2010;4;Suriname;2010;3,426149078
Suriname;2011;4;Suriname;2011;3,465686144
Suriname;2012;4;Suriname;2012;3,505335355
Suriname;2013;4;Suriname;2013;3,54512786
Suriname;2014;4;Suriname;2014;3,584708538
Suriname;2015;4;Suriname;2015;3,623672423
Suriname;2016;4;Suriname;2016;3,661863758
Suriname;2017;4;Suriname;2017;3,698971033
Suriname;2018;4;Suriname;2018;3,735106392
Suriname;2019;4;Suriname;2019;3,774076506
Suriname;2020;4;Suriname;2020;3,81487831
Sweden;2000;25;Sweden;2000;21,78061456
Sweden;2001;25;Sweden;2001;21,83916765
Sweden;2002;25;Sweden;2002;21,91035639
Sweden;2003;25;Sweden;2003;21,99203515
Sweden;2004;25;Sweden;2004;22,07869992
Sweden;2005;25;Sweden;2005;22,16717889
Sweden;2006;25;Sweden;2006;22,29221704
Sweden;2007;25;Sweden;2007;22,45813998
Sweden;2008;25;Sweden;2008;22,63377962
Sweden;2009;25;Sweden;2009;22,82742144
Sweden;2010;25;Sweden;2010;23,02286274
Sweden;2011;25;Sweden;2011;23,19737801
Sweden;2012;25;Sweden;2012;23,36962
Sweden;2013;25;Sweden;2013;23,5684835
Sweden;2014;25;Sweden;2014;23,80349865
Sweden;2015;25;Sweden;2015;24,05826177
Sweden;2016;25;Sweden;2016;24,36244975
Sweden;2017;25;Sweden;2017;24,69294198
Sweden;2018;25;Sweden;2018;24,98145887
Sweden;2019;25;Sweden;2019;25,23788794
Sweden;2020;25;Sweden;2020;25,42094382
Switzerland;2000;219;Switzerland;2000;181,7712317
Switzerland;2001;219;Switzerland;2001;182,9307258
Switzerland;2002;219;Switzerland;2002;184,3254821
Switzerland;2003;219;Switzerland;2003;185,7038566
Switzerland;2004;219;Switzerland;2004;186,9906177
Switzerland;2005;219;Switzerland;2005;188,1981564
Switzerland;2006;219;Switzerland;2006;189,3887944
Switzerland;2007;219;Switzerland;2007;191,0948546
Switzerland;2008;219;Switzerland;2008;193,5413607
Switzerland;2009;219;Switzerland;2009;195,9777672
Switzerland;2010;219;Switzerland;2010;198,0326587
Switzerland;2011;219;Switzerland;2011;200,2498644
Switzerland;2012;219;Switzerland;2012;202,390548
Switzerland;2013;219;Switzerland;2013;204,7343366
Switzerland;2014;219;Switzerland;2014;207,2507514
Switzerland;2015;219;Switzerland;2015;209,6266208
Switzerland;2016;219;Switzerland;2016;211,9315721
Switzerland;2017;219;Switzerland;2017;213,9184801
Switzerland;2018;219;Switzerland;2018;215,5000945
Switzerland;2019;219;Switzerland;2019;217,0427817
Switzerland;2020;219;Switzerland;2020;218,6344696
Tajikistan;2000;68;Tajikistan;2000;44,90379394
Tajikistan;2001;68;Tajikistan;2001;45,78005859
Tajikistan;2002;68;Tajikistan;2002;46,66811232
Tajikistan;2003;68;Tajikistan;2003;47,57484281
Tajikistan;2004;68;Tajikistan;2004;48,51776936
Tajikistan;2005;68;Tajikistan;2005;49,47642183
Tajikistan;2006;68;Tajikistan;2006;50,42559303
Tajikistan;2007;68;Tajikistan;2007;51,40380823
Tajikistan;2008;68;Tajikistan;2008;52,4321449
Tajikistan;2009;68;Tajikistan;2009;53,51693341
Tajikistan;2010;68;Tajikistan;2010;54,67377108
Tajikistan;2011;68;Tajikistan;2011;55,90729494
Tajikistan;2012;68;Tajikistan;2012;57,25981709
Tajikistan;2013;68;Tajikistan;2013;58,70765933
Tajikistan;2014;68;Tajikistan;2014;60,70894759
Tajikistan;2015;68;Tajikistan;2015;62,27999135
Tajikistan;2016;68;Tajikistan;2016;63,87802435
Tajikistan;2017;68;Tajikistan;2017;65,46542258
Tajikistan;2018;68;Tajikistan;2018;67,06054471
Tajikistan;2019;68;Tajikistan;2019;68,66464443
Tajikistan;2020;68;Tajikistan;2020;70,24504647
Thailand;2000;137;Thailand;2000;123,3295132
Thailand;2001;137;Thailand;2001;124,5887393
Thailand;2002;137;Thailand;2002;125,7931003
Thailand;2003;137;Thailand;2003;126,9709057
Thailand;2004;137;Thailand;2004;128,113776
Thailand;2005;137;Thailand;2005;129,2204193
Thailand;2006;137;Thailand;2006;130,2974946
Thailand;2007;137;Thailand;2007;131,3441132
Thailand;2008;137;Thailand;2008;132,3569261
Thailand;2009;137;Thailand;2009;133,3380571
Thailand;2010;137;Thailand;2010;134,2352502
Thailand;2011;137;Thailand;2011;135,0725362
Thailand;2012;137;Thailand;2012;135,9120319
Thailand;2013;137;Thailand;2013;136,712627
Thailand;2014;137;Thailand;2014;137,4393059
Thailand;2015;137;Thailand;2015;138,0743311
Thailand;2016;137;Thailand;2016;138,6988217
Thailand;2017;137;Thailand;2017;139,2867095
Thailand;2018;137;Thailand;2018;139,7092897
Thailand;2019;137;Thailand;2019;139,9954413
Thailand;2020;137;Thailand;2020;140,2287851
Togo;2000;152;Togo;2000;87,95223387
Togo;2001;152;Togo;2001;90,16628057
Togo;2002;152;Togo;2002;92,42746828
Togo;2003;152;Togo;2003;94,76212539
Togo;2004;152;Togo;2004;97,10093767
Togo;2005;152;Togo;2005;99,52480235
Togo;2006;152;Togo;2006;102,4023534
Togo;2007;152;Togo;2007;105,6893363
Togo;2008;152;Togo;2008;109,1402464
Togo;2009;152;Togo;2009;112,7219342
Togo;2010;152;Togo;2010;116,3042471
Togo;2011;152;Togo;2011;119,5179629
Togo;2012;152;Togo;2012;122,3334804
Togo;2013;152;Togo;2013;125,0018018
Togo;2014;152;Togo;2014;127,553668
Togo;2015;152;Togo;2015;130,0147454
Togo;2016;152;Togo;2016;132,3935282
Togo;2017;152;Togo;2017;134,664203
Togo;2018;152;Togo;2018;137,1245817
Togo;2019;152;Togo;2019;140,097904
Togo;2020;152;Togo;2020;143,1890789
Tonga;2000;147;Tonga;2000;142,6069444
Tonga;2001;147;Tonga;2001;143,4555556
Tonga;2002;147;Tonga;2002;144,2694444
Tonga;2003;147;Tonga;2003;145,0888889
Tonga;2004;147;Tonga;2004;145,9319444
Tonga;2005;147;Tonga;2005;146,7652778
Tonga;2006;147;Tonga;2006;147,5736111
Tonga;2007;147;Tonga;2007;148,2305556
Tonga;2008;147;Tonga;2008;148,6388889
Tonga;2009;147;Tonga;2009;148,8930556
Tonga;2010;147;Tonga;2010;149,1666667
Tonga;2011;147;Tonga;2011;149,4027778
Tonga;2012;147;Tonga;2012;149,25
Tonga;2013;147;Tonga;2013;148,7194444
Tonga;2014;147;Tonga;2014;148,0680556
Tonga;2015;147;Tonga;2015;147,3541667
Tonga;2016;147;Tonga;2016;146,5611111
Tonga;2017;147;Tonga;2017;146,3277778
Tonga;2018;147;Tonga;2018;146,6208333
Tonga;2019;147;Tonga;2019;146,7625
Tonga;2020;147;Tonga;2020;146,8111111
Trinidad and Tobago;2000;273;Trinidad and Tobago;2000;257,2658869
Trinidad and Tobago;2001;273;Trinidad and Tobago;2001;258,3951267
Trinidad and Tobago;2002;273;Trinidad and Tobago;2002;259,6512671
Trinidad and Tobago;2003;273;Trinidad and Tobago;2003;260,9569201
Trinidad and Tobago;2004;273;Trinidad and Tobago;2004;262,2573099
Trinidad and Tobago;2005;273;Trinidad and Tobago;2005;252,3380117
Trinidad and Tobago;2006;273;Trinidad and Tobago;2006;253,0105263
Trinidad and Tobago;2007;273;Trinidad and Tobago;2007;254,0327485
Trinidad and Tobago;2008;273;Trinidad and Tobago;2008;255,0851852
Trinidad and Tobago;2009;273;Trinidad and Tobago;2009;255,3812865
Trinidad and Tobago;2010;273;Trinidad and Tobago;2010;256,8643275
Trinidad and Tobago;2011;273;Trinidad and Tobago;2011;258,8730994
Trinidad and Tobago;2012;273;Trinidad and Tobago;2012;260,2717349
Trinidad and Tobago;2013;273;Trinidad and Tobago;2013;261,317154
Trinidad and Tobago;2014;273;Trinidad and Tobago;2014;262,2500975
Trinidad and Tobago;2015;273;Trinidad and Tobago;2015;263,0929825
Trinidad and Tobago;2016;273;Trinidad and Tobago;2016;263,917154
Trinidad and Tobago;2017;273;Trinidad and Tobago;2017;264,4508772
Trinidad and Tobago;2018;273;Trinidad and Tobago;2018;264,9499025
Trinidad and Tobago;2019;273;Trinidad and Tobago;2019;265,8840156
Trinidad and Tobago;2020;273;Trinidad and Tobago;2020;266,4181287
Tunisia;2000;76;Tunisia;2000;62,85359809
Tunisia;2001;76;Tunisia;2001;63,52778708
Tunisia;2002;76;Tunisia;2002;64,18328399
Tunisia;2003;76;Tunisia;2003;64,8277034
Tunisia;2004;76;Tunisia;2004;65,43616761
Tunisia;2005;76;Tunisia;2005;66,01101957
Tunisia;2006;76;Tunisia;2006;66,59635685
Tunisia;2007;76;Tunisia;2007;67,20971936
Tunisia;2008;76;Tunisia;2008;67,85939109
Tunisia;2009;76;Tunisia;2009;68,55484681
Tunisia;2010;76;Tunisia;2010;69,29698764
Tunisia;2011;76;Tunisia;2011;70,06974125
Tunisia;2012;76;Tunisia;2012;70,86539006
Tunisia;2013;76;Tunisia;2013;71,71318872
Tunisia;2014;76;Tunisia;2014;72,56879506
Tunisia;2015;76;Tunisia;2015;73,39253347
Tunisia;2016;76;Tunisia;2016;74,20619207
Tunisia;2017;76;Tunisia;2017;74,99033213
Tunisia;2018;76;Tunisia;2018;75,73065139
Tunisia;2019;76;Tunisia;2019;76,43589727
Tunisia;2020;76;Tunisia;2020;77,07297245
Turkey;2000;110;Turkiye;2000;85,0096293
Turkey;2001;110;Turkiye;2001;86,073994
Turkey;2002;110;Turkiye;2002;87,11821914
Turkey;2003;110;Turkiye;2003;88,13550667
Turkey;2004;110;Turkiye;2004;89,12414667
Turkey;2005;110;Turkiye;2005;90,08167171
Turkey;2006;110;Turkiye;2006;91,01171862
Turkey;2007;110;Turkiye;2007;91,15823448
Turkey;2008;110;Turkiye;2008;92,3192677
Turkey;2009;110;Turkiye;2009;93,60238816
Turkey;2010;110;Turkiye;2010;95,03547159
Turkey;2011;110;Turkiye;2011;96,44066499
Turkey;2012;110;Turkiye;2012;97,67788028
Turkey;2013;110;Turkiye;2013;98,94056105
Turkey;2014;110;Turkiye;2014;100,2844016
Turkey;2015;110;Turkiye;2015;101,6312761
Turkey;2016;110;Turkiye;2016;103,0078895
Turkey;2017;110;Turkiye;2017;104,3523485
Turkey;2018;110;Turkiye;2018;105,7744683
Turkey;2019;110;Turkiye;2019;107,2975846
Turkey;2020;110;Turkiye;2020;108,3438535
Turkmenistan;2000;13;Turkmenistan;2000;9,751828996
Turkmenistan;2001;13;Turkmenistan;2001;9,949160513
Turkmenistan;2002;13;Turkmenistan;2002;10,14930947
Turkmenistan;2003;13;Turkmenistan;2003;10,35019045
Turkmenistan;2004;13;Turkmenistan;2004;10,55070542
Turkmenistan;2005;13;Turkmenistan;2005;10,7510842
Turkmenistan;2006;13;Turkmenistan;2006;10,95291852
Turkmenistan;2007;13;Turkmenistan;2007;11,15920669
Turkmenistan;2008;13;Turkmenistan;2008;11,37409614
Turkmenistan;2009;13;Turkmenistan;2009;11,6008597
Turkmenistan;2010;13;Turkmenistan;2010;11,84081885
Turkmenistan;2011;13;Turkmenistan;2011;12,09417786
Turkmenistan;2012;13;Turkmenistan;2012;12,36044943
Turkmenistan;2013;13;Turkmenistan;2013;12,63877812
Turkmenistan;2014;13;Turkmenistan;2014;12,9280595
Turkmenistan;2015;13;Turkmenistan;2015;13,22701253
Turkmenistan;2016;13;Turkmenistan;2016;13,53401783
Turkmenistan;2017;13;Turkmenistan;2017;13,84687294
Turkmenistan;2018;13;Turkmenistan;2018;14,16279871
Turkmenistan;2019;13;Turkmenistan;2019;14,47863299
Turkmenistan;2020;13;Turkmenistan;2020;14,78924946
Tuvalu;2000;393;Tuvalu;2000;318,1333333
Tuvalu;2001;393;Tuvalu;2001;319,5333333
Tuvalu;2002;393;Tuvalu;2002;320,7666667
Tuvalu;2003;393;Tuvalu;2003;323,1666667
Tuvalu;2004;393;Tuvalu;2004;327,2
Tuvalu;2005;393;Tuvalu;2005;331,3333333
Tuvalu;2006;393;Tuvalu;2006;335,2
Tuvalu;2007;393;Tuvalu;2007;339,4
Tuvalu;2008;393;Tuvalu;2008;344,0333333
Tuvalu;2009;393;Tuvalu;2009;348,7
Tuvalu;2010;393;Tuvalu;2010;353,8
Tuvalu;2011;393;Tuvalu;2011;359,3333333
Tuvalu;2012;393;Tuvalu;2012;364,4666667
Tuvalu;2013;393;Tuvalu;2013;366,7
Tuvalu;2014;393;Tuvalu;2014;366,1333333
Tuvalu;2015;393;Tuvalu;2015;365,4333333
Tuvalu;2016;393;Tuvalu;2016;364,3333333
Tuvalu;2017;393;Tuvalu;2017;362,3
Tuvalu;2018;393;Tuvalu;2018;358,3666667
Tuvalu;2019;393;Tuvalu;2019;352,7
Tuvalu;2020;393;Tuvalu;2020;346,6333333
Uganda;2000;229;Uganda;2000;120,1148591
Uganda;2001;229;Uganda;2001;123,8460337
Uganda;2002;229;Uganda;2002;127,7857465
Uganda;2003;229;Uganda;2003;131,8859116
Uganda;2004;229;Uganda;2004;135,9016816
Uganda;2005;229;Uganda;2005;139,9493969
Uganda;2006;229;Uganda;2006;144,1069166
Uganda;2007;229;Uganda;2007;148,4081377
Uganda;2008;229;Uganda;2008;152,8429658
Uganda;2009;229;Uganda;2009;157,40529
Uganda;2010;229;Uganda;2010;161,5340215
Uganda;2011;229;Uganda;2011;166,3402304
Uganda;2012;229;Uganda;2012;171,2419609
Uganda;2013;229;Uganda;2013;176,2270197
Uganda;2014;229;Uganda;2014;181,50578
Uganda;2015;229;Uganda;2015;187,1705865
Uganda;2016;229;Uganda;2016;193,492679
Uganda;2017;229;Uganda;2017;200,3659884
Uganda;2018;229;Uganda;2018;207,2902005
Uganda;2019;229;Uganda;2019;214,4406393
Uganda;2020;229;Uganda;2020;221,7093158
Ukraine;2000;75;Ukraine;2000;85,53837922
Ukraine;2001;75;Ukraine;2001;84,76198326
Ukraine;2002;75;Ukraine;2002;84,02195775
Ukraine;2003;75;Ukraine;2003;83,39685849
Ukraine;2004;75;Ukraine;2004;82,81752857
Ukraine;2005;75;Ukraine;2005;82,13185819
Ukraine;2006;75;Ukraine;2006;81,60503659
Ukraine;2007;75;Ukraine;2007;81,23659745
Ukraine;2008;75;Ukraine;2008;80,81746703
Ukraine;2009;75;Ukraine;2009;80,48009908
Ukraine;2010;75;Ukraine;2010;80,19057343
Ukraine;2011;75;Ukraine;2011;79,93484257
Ukraine;2012;75;Ukraine;2012;79,76602914
Ukraine;2013;75;Ukraine;2013;79,62226403
Ukraine;2014;75;Ukraine;2014;79,35987157
Ukraine;2015;75;Ukraine;2015;79,03622711
Ukraine;2016;75;Ukraine;2016;78,74610644
Ukraine;2017;75;Ukraine;2017;78,43266183
Ukraine;2018;75;Ukraine;2018;78,02710908
Ukraine;2019;75;Ukraine;2019;77,59312737
Ukraine;2020;75;Ukraine;2020;77,11428029
United Arab Emirates;2000;118;United Arab Emirates;2000;49,19142495
United Arab Emirates;2001;118;United Arab Emirates;2001;52,43016052
United Arab Emirates;2002;118;United Arab Emirates;2002;55,71424951
United Arab Emirates;2003;118;United Arab Emirates;2003;59,03206139
United Arab Emirates;2004;118;United Arab Emirates;2004;62,36225007
United Arab Emirates;2005;118;United Arab Emirates;2005;65,68276542
United Arab Emirates;2006;118;United Arab Emirates;2006;70,53083638
United Arab Emirates;2007;118;United Arab Emirates;2007;79,197902
United Arab Emirates;2008;118;United Arab Emirates;2008;88,74491692
United Arab Emirates;2009;118;United Arab Emirates;2009;94,4390031
United Arab Emirates;2010;118;United Arab Emirates;2010;96,73103351
United Arab Emirates;2011;118;United Arab Emirates;2011;100,0357364
United Arab Emirates;2012;118;United Arab Emirates;2012;104,0755843
United Arab Emirates;2013;118;United Arab Emirates;2013;108,322036
United Arab Emirates;2014;118;United Arab Emirates;2014;113,4812729
United Arab Emirates;2015;118;United Arab Emirates;2015;119,7583357
United Arab Emirates;2016;118;United Arab Emirates;2016;125,8109687
United Arab Emirates;2017;118;United Arab Emirates;2017;129,8679949
United Arab Emirates;2018;118;United Arab Emirates;2018;131,6066038
United Arab Emirates;2019;118;United Arab Emirates;2019;133,0017601
United Arab Emirates;2020;118;United Arab Emirates;2020;132,3716981
United Kingdom;2000;281;United Kingdom;2000;243,4279089
United Kingdom;2001;281;United Kingdom;2001;244,366854
United Kingdom;2002;281;United Kingdom;2002;245,4035423
United Kingdom;2003;281;United Kingdom;2003;246,5489067
United Kingdom;2004;281;United Kingdom;2004;247,9556277
United Kingdom;2005;281;United Kingdom;2005;249,6639772
United Kingdom;2006;281;United Kingdom;2006;251,5058901
United Kingdom;2007;281;United Kingdom;2007;253,4719258
United Kingdom;2008;281;United Kingdom;2008;255,4747034
United Kingdom;2009;281;United Kingdom;2009;257,4144174
United Kingdom;2010;281;United Kingdom;2010;259,4401893
United Kingdom;2011;281;United Kingdom;2011;261,4756748
United Kingdom;2012;281;United Kingdom;2012;263,3447691
United Kingdom;2013;281;United Kingdom;2013;265,1097425
United Kingdom;2014;281;United Kingdom;2014;267,0979209
United Kingdom;2015;281;United Kingdom;2015;269,0323647
United Kingdom;2016;281;United Kingdom;2016;271,1776134
United Kingdom;2017;281;United Kingdom;2017;272,6573802
United Kingdom;2018;281;United Kingdom;2018;273,9924772
United Kingdom;2019;281;United Kingdom;2019;275,4019758
United Kingdom;2020;281;United Kingdom;2020;275,8649196
United States;2000;36;United States;2000;30,79730133
United States;2001;36;United States;2001;31,10362839
United States;2002;36;United States;2002;31,39354993
United States;2003;36;United States;2003;31,66453462
United States;2004;36;United States;2004;31,95894507
United States;2005;36;United States;2005;32,2548766
United States;2006;36;United States;2006;32,56739985
United States;2007;36;United States;2007;32,87861136
United States;2008;36;United States;2008;33,24368685
United States;2009;36;United States;2009;33,53639923
United States;2010;36;United States;2010;33,8213646
United States;2011;36;United States;2011;34,09042779
United States;2012;36;United States;2012;34,36368932
United States;2013;36;United States;2013;34,62465723
United States;2014;36;United States;2014;34,90137766
United States;2015;36;United States;2015;35,18097136
United States;2016;36;United States;2016;35,45845058
United States;2017;36;United States;2017;35,70499758
United States;2018;36;United States;2018;35,91499866
United States;2019;36;United States;2019;36,10047718
United States;2020;36;United States;2020;36,24826498
Uruguay;2000;20;Uruguay;2000;18,6619015
Uruguay;2001;20;Uruguay;2001;18,70786767
Uruguay;2002;20;Uruguay;2002;18,7342418
Uruguay;2003;20;Uruguay;2003;18,74749172
Uruguay;2004;20;Uruguay;2004;18,75870186
Uruguay;2005;20;Uruguay;2005;18,77368872
Uruguay;2006;20;Uruguay;2006;18,79502914
Uruguay;2007;20;Uruguay;2007;18,82729402
Uruguay;2008;20;Uruguay;2008;18,86742658
Uruguay;2009;20;Uruguay;2009;18,91264427
Uruguay;2010;20;Uruguay;2010;18,9611473
Uruguay;2011;20;Uruguay;2011;19,0082562
Uruguay;2012;20;Uruguay;2012;19,05725631
Uruguay;2013;20;Uruguay;2013;19,11402697
Uruguay;2014;20;Uruguay;2014;19,17685979
Uruguay;2015;20;Uruguay;2015;19,24361216
Uruguay;2016;20;Uruguay;2016;19,30798194
Uruguay;2017;20;Uruguay;2017;19,36029025
Uruguay;2018;20;Uruguay;2018;19,39512056
Uruguay;2019;20;Uruguay;2019;19,41038738
Uruguay;2020;20;Uruguay;2020;19,42045481
Uzbekistan;2000;79;Uzbekistan;2000;56,85560538
Uzbekistan;2001;79;Uzbekistan;2001;57,55826992
Uzbekistan;2002;79;Uzbekistan;2002;58,26872917
Uzbekistan;2003;79;Uzbekistan;2003;58,98741847
Uzbekistan;2004;79;Uzbekistan;2004;59,72047915
Uzbekistan;2005;79;Uzbekistan;2005;60,47272106
Uzbekistan;2006;79;Uzbekistan;2006;61,25741195
Uzbekistan;2007;79;Uzbekistan;2007;62,1032148
Uzbekistan;2008;79;Uzbekistan;2008;63,06618161
Uzbekistan;2009;79;Uzbekistan;2009;64,08911216
Uzbekistan;2010;79;Uzbekistan;2010;65,12050233
Uzbekistan;2011;79;Uzbekistan;2011;66,13722066
Uzbekistan;2012;79;Uzbekistan;2012;67,145257
Uzbekistan;2013;79;Uzbekistan;2013;68,20746967
Uzbekistan;2014;79;Uzbekistan;2014;69,3523563
Uzbekistan;2015;79;Uzbekistan;2015;69,78970949
Uzbekistan;2016;79;Uzbekistan;2016;71,00591705
Uzbekistan;2017;79;Uzbekistan;2017;72,21980172
Uzbekistan;2018;79;Uzbekistan;2018;73,47808719
Uzbekistan;2019;79;Uzbekistan;2019;74,82539297
Uzbekistan;2020;79;Uzbekistan;2020;76,22006581
Vanuatu;2000;25;Vanuatu;2000;15,28146021
Vanuatu;2001;25;Vanuatu;2001;15,67112387
Vanuatu;2002;25;Vanuatu;2002;16,06751436
Vanuatu;2003;25;Vanuatu;2003;16,4680886
Vanuatu;2004;25;Vanuatu;2004;16,87538966
Vanuatu;2005;25;Vanuatu;2005;17,28958162
Vanuatu;2006;25;Vanuatu;2006;17,71312551
Vanuatu;2007;25;Vanuatu;2007;18,15225595
Vanuatu;2008;25;Vanuatu;2008;18,61328958
Vanuatu;2009;25;Vanuatu;2009;19,09196062
Vanuatu;2010;25;Vanuatu;2010;19,54454471
Vanuatu;2011;25;Vanuatu;2011;19,97325677
Vanuatu;2012;25;Vanuatu;2012;20,41698113
Vanuatu;2013;25;Vanuatu;2013;20,87629204
Vanuatu;2014;25;Vanuatu;2014;21,34864643
Vanuatu;2015;25;Vanuatu;2015;21,82945037
Vanuatu;2016;25;Vanuatu;2016;22,32050861
Vanuatu;2017;25;Vanuatu;2017;22,84716981
Vanuatu;2018;25;Vanuatu;2018;23,40106645
Vanuatu;2019;25;Vanuatu;2019;23,95283019
Vanuatu;2020;25;Vanuatu;2020;24,51665299
Yemen;2000;56;Yemen, Rep.;2000;37,16904559
Yemen;2001;56;Yemen, Rep.;2001;38,30927325
Yemen;2002;56;Yemen, Rep.;2002;39,46263235
Yemen;2003;56;Yemen, Rep.;2003;40,6393905
Yemen;2004;56;Yemen, Rep.;2004;41,849285
Yemen;2005;56;Yemen, Rep.;2005;43,16549236
Yemen;2006;56;Yemen, Rep.;2006;44,59170597
Yemen;2007;56;Yemen, Rep.;2007;46,05959051
Yemen;2008;56;Yemen, Rep.;2008;47,56319677
Yemen;2009;56;Yemen, Rep.;2009;49,10832812
Yemen;2010;56;Yemen, Rep.;2010;50,67406671
Yemen;2011;56;Yemen, Rep.;2011;52,2433036
Yemen;2012;56;Yemen, Rep.;2012;53,85466409
Yemen;2013;56;Yemen, Rep.;2013;55,5201091
Yemen;2014;56;Yemen, Rep.;2014;57,25005019
Yemen;2015;56;Yemen, Rep.;2015;59,01732864
Yemen;2016;56;Yemen, Rep.;2016;60,81597439
Yemen;2017;56;Yemen, Rep.;2017;62,67575999
Yemen;2018;56;Yemen, Rep.;2018;64,55893706
Yemen;2019;56;Yemen, Rep.;2019;66,50265735
Yemen;2020;56;Yemen, Rep.;2020;68,44112923
Zambia;2000;25;Zambia;2000;13,47560634
Zambia;2001;25;Zambia;2001;13,88932458
Zambia;2002;25;Zambia;2002;14,32350314
Zambia;2003;25;Zambia;2003;14,77501043
Zambia;2004;25;Zambia;2004;15,25201846
Zambia;2005;25;Zambia;2005;15,76402561
Zambia;2006;25;Zambia;2006;16,31654044
Zambia;2007;25;Zambia;2007;16,90241327
Zambia;2008;25;Zambia;2008;17,51614092
Zambia;2009;25;Zambia;2009;18,14712197
Zambia;2010;25;Zambia;2010;18,78636247
Zambia;2011;25;Zambia;2011;19,42156338
Zambia;2012;25;Zambia;2012;20,06164866
Zambia;2013;25;Zambia;2013;20,71456032
Zambia;2014;25;Zambia;2014;21,38220181
Zambia;2015;25;Zambia;2015;22,05987301
Zambia;2016;25;Zambia;2016;22,75309461
Zambia;2017;25;Zambia;2017;23,46187062
Zambia;2018;25;Zambia;2018;24,17784608
Zambia;2019;25;Zambia;2019;24,90461131
Zambia;2020;25;Zambia;2020;25,6384872
Zimbabwe;2000;38;Zimbabwe;2000;30,7407393
Zimbabwe;2001;38;Zimbabwe;2001;30,94713972
Zimbabwe;2002;38;Zimbabwe;2002;31,24635647
Zimbabwe;2003;38;Zimbabwe;2003;31,62032571
Zimbabwe;2004;38;Zimbabwe;2004;31,96560941
Zimbabwe;2005;38;Zimbabwe;2005;32,26943777
Zimbabwe;2006;38;Zimbabwe;2006;32,6649735
Zimbabwe;2007;38;Zimbabwe;2007;33,09824997
Zimbabwe;2008;38;Zimbabwe;2008;33,4991573
Zimbabwe;2009;38;Zimbabwe;2009;33,97386584
Zimbabwe;2010;38;Zimbabwe;2010;34,52642626
Zimbabwe;2011;38;Zimbabwe;2011;35,14391625
Zimbabwe;2012;38;Zimbabwe;2012;35,71897893
Zimbabwe;2013;38;Zimbabwe;2013;36,22543105
Zimbabwe;2014;38;Zimbabwe;2014;36,72575675
Zimbabwe;2015;38;Zimbabwe;2015;37,22117875
Zimbabwe;2016;38;Zimbabwe;2016;37,74148636
Zimbabwe;2017;38;Zimbabwe;2017;38,28998837
Zimbabwe;2018;38;Zimbabwe;2018;38,86377666
Zimbabwe;2019;38;Zimbabwe;2019;39,47620008
Zimbabwe;2020;38;Zimbabwe;2020;40,13671449
